,year,symbol,change in 12 months,PE,PEG,After Tax ROE,Gross Margin,Operating Margin,Profit Margin,Cash Ratio,changeLabel
0,2013,AAL,7.170114494418637,-1.7093333333333334,-0.01694206489675516,67.0,59.0,5.0,7.0,75.0,3
1,2014,AAL,-51.006112577127865,9.822139552238806,-0.07236350357739789,143.0,63.0,10.0,7.0,60.0,0
2,2015,AAL,28.144811350909073,4.250219490781387,0.0231830154042621,135.0,73.0,15.0,19.0,51.0,3
3,2013,AAP,-1.9660702370691654,17.097947854477614,12.92116345002653,26.0,50.0,10.0,6.0,40.0,2
4,2016,AAP,-21.102306409154444,24.850388139534886,-5.591337331395356,19.0,45.0,8.0,5.0,2.0,0
5,2014,AAPL,-14.230125896612291,14.807616200739599,-0.17672894350495114,35.0,39.0,29.0,22.0,40.0,1
6,2015,AAPL,25.589028020439024,11.767241433189657,0.27372543692258383,45.0,40.0,30.0,23.0,52.0,3
7,2016,AAPL,-23.732385033744897,13.129341497005987,-1.3101106354001668,36.0,39.0,28.0,21.0,85.0,0
8,2014,ABC,-7.449263246010628,50.0,-1.8874714473422756,14.0,2.0,1.0,0.0,10.0,2
9,2015,ABC,-0.6252686296572405,-50.0,1.0431171214936885,22.0,3.0,0.0,0.0,10.0,2
10,2016,ABC,-0.3355972400349341,13.496284992570578,-0.011384621354277221,67.0,3.0,1.0,1.0,11.0,2
11,2013,ABT,-8.645550419892354,21.54878048780488,-0.38218591808559604,10.0,53.0,11.0,13.0,85.0,1
12,2014,ABT,-8.739274936740253,27.930000333333336,-3.2718000390476205,11.0,54.0,13.0,11.0,43.0,1
13,2015,ABT,3.1166657242082647,15.367347108843537,0.16007653238378686,21.0,57.0,14.0,22.0,67.0,2
14,2014,ADBE,-11.536554092357182,50.0,-17.78398188425928,4.0,85.0,10.0,6.0,150.0,1
15,2015,ADBE,-30.74769520376505,50.0,0.49931546726190473,9.0,84.0,19.0,13.0,180.0,0
16,2015,ADI,4.03245698427777,50.0,-15.824798528225815,14.0,66.0,24.0,20.0,272.0,3
17,2014,ADM,-4.498705493493968,13.970930668604652,0.20114176778203854,11.0,6.0,3.0,3.0,42.0,2
18,2015,ADM,10.051030058393476,14.856187290969899,-1.1356729840208108,10.0,6.0,3.0,3.0,49.0,3
19,2013,ADS,-44.745978578537375,20.211099355797817,1.0338283549268694,58.0,33.0,25.0,11.0,33.0,0
20,2014,ADS,-3.173812335080382,31.528096674311925,-2.3220328134584483,21.0,31.0,21.0,10.0,25.0,2
21,2015,ADS,10.119283164752552,31.652076767676764,14.526637337586383,30.0,30.0,20.0,9.0,25.0,3
22,2014,ADSK,-0.49410869298193494,50.0,-8.408571733893549,10.0,88.0,13.0,10.0,212.0,2
23,2015,ADSK,-23.04913663519796,50.0,-2.6227651944444443,4.0,86.0,5.0,3.0,145.0,0
24,2016,ADSK,-28.18465326180745,-46.37328767123287,0.09172738220683425,20.0,85.0,0.0,13.0,141.0,0
25,2013,AEE,-18.24864464105773,28.315125630252105,-0.21835318034098258,5.0,40.0,20.0,5.0,1.0,0
26,2014,AEE,-21.356266295251128,17.21487582644628,0.16655042466236647,9.0,41.0,21.0,10.0,0.0,0
27,2015,AEE,-1.6536008521733356,17.35384653846154,2.333128256837608,9.0,43.0,21.0,10.0,14.0,2
28,2013,AEP,-10.276019480235895,14.79276282894737,0.8741178035287078,9.0,55.0,19.0,10.0,9.0,1
29,2014,AEP,-21.026312432712757,16.2874251497006,1.6504590818363287,10.0,53.0,19.0,10.0,8.0,0
30,2013,AFL,-20.49399419786281,8.916176617647059,0.8294746126114079,22.0,36.0,20.0,13.0,74.4574898785425,0
31,2014,AFL,1.2754844357796218,9.838684862385321,-2.5731945024700087,16.0,37.0,20.0,13.0,74.4574898785425,2
32,2015,AFL,-12.784684760900141,10.344387925170068,-1.0250348034941243,14.0,37.0,19.0,12.0,74.4574898785425,1
33,2014,AIG,4.933339488100966,10.20303614800759,-0.7061876704688396,7.0,48.0,16.0,12.0,74.4574898785425,3
34,2015,AIG,-20.777417935785493,35.15680414201183,-0.5175317257776602,2.0,37.0,6.0,4.0,74.4574898785425,0
35,2013,AIV,-0.5783908953559767,19.13214285714286,0.14772920433996387,21.0,61.0,26.0,21.0,74.4574898785425,2
36,2014,AIV,-37.51176616084391,15.529126699029126,0.3294057178581935,25.0,61.0,27.0,31.0,74.4574898785425,0
37,2015,AIV,-20.007631248163285,25.575657894736842,-0.9756639863547758,15.0,63.0,26.0,25.0,74.4574898785425,0
38,2014,AIZ,-9.883310189663458,10.408742561349694,4.74341268152936,9.0,22.0,7.0,5.0,74.4574898785425,1
39,2015,AIZ,-20.752815102371954,35.963940625,-0.5281191280968469,3.0,16.0,2.0,1.0,74.4574898785425,0
40,2014,AJG,8.050763889138363,23.893939141414144,-4.969939341414137,9.0,100.0,6.0,7.0,74.4574898785425,3
41,2015,AJG,0.8805260676975539,21.364734541062802,4.700241599033821,10.0,100.0,5.0,7.0,74.4574898785425,2
42,2013,AKAM,-28.711865313082768,26.921212424242427,0.6191878857575759,11.0,68.0,26.0,19.0,256.0,0
43,2014,AKAM,2.5319828835664833,29.82887647058823,2.237165735294114,11.0,69.0,25.0,17.0,227.0,2
44,2015,AKAM,-22.200403859805462,32.31111111111111,-8.631682539682531,10.0,67.0,21.0,15.0,225.0,0
45,2013,ALB,-13.434922732048918,12.867139858012171,0.3118494312809896,25.0,36.0,24.0,17.0,109.0,1
46,2014,ALB,25.937548826527316,36.77514763313609,-0.5595724624424719,10.0,32.0,11.0,5.0,218.0,3
47,2015,ALB,-1.9256882126125179,19.340531561461795,0.24761741165810933,10.0,33.0,12.0,9.0,13.0,2
48,2013,ALK,-25.24096863040755,4.01101914600551,0.06426256481234634,25.0,54.0,16.0,10.0,84.0,0
49,2014,ALK,-13.69649547137251,10.841722483221478,-0.28211793988597816,28.0,57.0,18.0,11.0,73.0,1
50,2015,ALK,-11.873795877278253,10.706505370650529,0.2236358832093825,35.0,65.0,23.0,15.0,74.0,1
51,2013,ALL,-17.142902702227524,9.77618090349076,2.877863253465093,11.0,43.0,12.0,7.0,74.4574898785425,1
52,2014,ALL,-13.748583298390665,9.831240502354788,0.31918760830978543,13.0,40.0,12.0,8.0,74.4574898785425,1
53,2015,ALL,1.2413347512614545,13.008788574218748,-0.6629278657421875,11.0,36.0,9.0,6.0,74.4574898785425,2
54,2015,ALXN,-8.023726767617363,50.0,-3.4844094625668447,2.0,91.0,21.0,6.0,195.0,1
55,2014,AMAT,-25.818601805933973,24.431818181818187,0.07657734056987789,14.0,42.0,17.0,12.0,112.0,0
56,2015,AMAT,8.450497277393499,19.43805353982301,0.6842194846017703,18.0,41.0,18.0,14.0,131.0,3
57,2016,AMAT,-17.635113185240094,16.400641025641026,0.4309935897435896,24.0,42.0,20.0,16.0,103.0,1
58,2013,AME,-22.804812417702326,21.476414386792452,1.8547812424957097,16.0,35.0,23.0,14.0,34.0,0
59,2014,AME,4.178677860812968,22.169456276150626,1.7407128631644206,18.0,35.0,22.0,15.0,40.0,3
60,2015,AME,-19.428001053325332,21.680893902439024,7.402476632404204,18.0,36.0,23.0,15.0,37.0,0
61,2013,AMG,-32.2330923458753,25.678939690721652,0.25154879697033455,17.0,100.0,25.0,17.0,74.4574898785425,0
62,2014,AMG,21.341984901367304,26.190388807785883,1.2435855944396226,17.0,100.0,29.0,19.0,74.4574898785425,3
63,2015,AMG,19.4001555595505,19.67334004214963,1.273345316113937,18.0,100.0,32.0,21.0,74.4574898785425,3
64,2013,AMP,-50.715603626882995,13.566310823170733,0.3428046283274327,16.0,83.0,20.0,12.0,74.4574898785425,0
65,2014,AMP,-4.864094420732811,14.760354852071007,0.512317078463417,20.0,84.0,24.0,13.0,74.4574898785425,2
66,2015,AMP,24.437306412638023,13.923255581395349,7.84343397751934,22.0,81.0,21.0,13.0,74.4574898785425,3
67,2013,AMT,-0.31310521739754216,50.0,-4.335226217857139,16.0,74.0,36.0,16.0,50.0,2
68,2014,AMT,-10.803220668187835,44.571782178217816,1.00645959757266,21.0,73.0,36.0,20.0,25.0,1
69,2015,AMT,2.568313059228413,50.0,-2.3367512092723,10.0,73.0,34.0,14.0,39.0,2
70,2014,AMZN,13.544438428049977,-50.0,3.6590829807692304,2.0,29.0,0.0,0.0,62.0,3
71,2015,AMZN,-7.663080574024842,50.0,-1.1269600739583332,4.0,33.0,2.0,1.0,58.0,2
72,2014,AN,-10.544023420105221,15.488795658263307,0.9970912205007008,20.0,16.0,4.0,2.0,2.0,1
73,2015,AN,9.110821326946487,15.333333460559794,1.5205555681721783,19.0,16.0,4.0,2.0,1.0,3
74,2013,ANTM,-42.474835855602436,9.156475059952038,9.45406049940038,10.0,21.0,5.0,4.0,74.4574898785425,0
75,2014,ANTM,-31.302494657525855,11.828678839957036,1.0170224899509437,11.0,23.0,6.0,3.0,74.4574898785425,0
76,2015,ANTM,-5.110993871028294,13.708632939362793,3.0387469682254267,11.0,23.0,6.0,3.0,74.4574898785425,2
77,2013,AON,-42.517242648945135,19.581232212885155,1.0987246963896673,14.0,100.0,14.0,9.0,74.4574898785425,0
78,2014,AON,-11.516592178735165,18.996828646934457,0.5846437781858274,21.0,100.0,16.0,12.0,74.4574898785425,1
79,2015,AON,-8.244814099502289,19.127788945233267,4.523722085547687,23.0,100.0,16.0,12.0,74.4574898785425,1
80,2013,APA,-1.2059609157867976,15.022604159132007,1.2821015618569547,7.0,80.0,30.0,15.0,41.0,2
81,2014,APA,16.92955200876947,-5.268492247510668,0.014872262444478814,20.0,80.0,21.0,40.0,21.0,3
82,2014,APC,-5.515293074964218,-23.246397982708935,0.07273130457956459,9.0,82.0,29.0,9.0,72.0,2
83,2014,APD,-11.091176829454424,25.532708746030043,-15.128129932022786,13.0,27.0,13.0,9.0,11.0,1
84,2015,APD,9.843558370729212,21.36521482605042,0.771797682863527,18.0,30.0,17.0,13.0,6.0,3
85,2016,APD,-5.812739572459783,45.057044136986306,-0.8847835399837245,9.0,33.0,22.0,7.0,46.0,2
86,2013,APH,-37.65423271591966,9.669374937499999,0.5939758890178568,22.0,31.0,19.0,14.0,74.0,0
87,2014,APH,-17.661788283541828,21.91924789823009,-0.5038907562811514,24.0,32.0,19.0,13.0,127.0,1
88,2015,APH,-12.02573732742217,21.62753036437247,2.3275342201657927,24.0,32.0,20.0,14.0,175.0,1
89,2013,ARNC,-8.687250267898134,-3.403090802726635,0.00264032907108101,22.0,16.0,6.0,10.0,24.0,1
90,2014,ARNC,-19.60196974818994,47.08363675307143,-0.4287616283045653,2.0,20.0,4.0,1.0,34.0,0
91,2015,ARNC,44.65999519477174,-31.12156018758064,0.1256832238344603,3.0,20.0,3.0,1.0,37.0,3
92,2013,ATVI,-31.022067332132163,14.921874479166668,-3.014218644791664,15.0,67.0,30.0,22.0,185.0,0
93,2014,ATVI,42.104074093950196,16.741228070175442,0.8928654970760236,12.0,65.0,27.0,19.0,179.0,3
94,2015,ATVI,-49.58885892924456,24.578513223140497,4.002786439197169,11.0,66.0,28.0,19.0,70.0,0
95,2013,AVB,6.819738129010744,46.0161868705036,-1.2801939167819592,4.0,100.0,21.0,24.0,74.4574898785425,3
96,2014,AVB,-31.557495330085214,27.29980795019157,0.3110387954980842,8.0,100.0,37.0,41.0,74.4574898785425,0
97,2015,AVB,3.4708014876813147,31.53700297833935,5.1444736108416,8.0,100.0,38.0,40.0,74.4574898785425,2
98,2016,AVY,-14.105423198216577,22.02990066445183,1.6216454655777046,28.0,28.0,9.0,5.0,11.0,1
99,2013,AWK,-4.759624700818711,19.216345673076923,7.801836343269205,8.0,55.0,33.0,13.0,4.0,2
100,2014,AWK,-19.287398413800894,20.453389194915257,1.519394625907991,9.0,55.0,33.0,14.0,3.0,0
101,2015,AWK,-11.761563976772868,21.36842105263158,1.6809824561403495,9.0,56.0,34.0,15.0,4.0,1
102,2013,AXP,-37.506604872474064,15.091650203665989,0.5900835229633402,27.0,0.0,0.0,15.0,74.4574898785425,0
103,2014,AYI,-9.890806765944733,30.803440417690414,0.831692891277641,15.0,41.0,12.0,7.0,117.0,1
104,2015,AYI,-29.619140187787288,36.69298255360624,1.4088720659733727,16.0,42.0,14.0,8.0,145.0,0
105,2016,AYI,-9.441162511026878,34.874812218890554,1.1617388745643409,18.0,44.0,14.0,9.0,61.0,1
106,2014,AZO,-2.3439288070515065,17.16666671330846,1.2512199346710415,66.0,52.0,19.0,11.0,3.0,2
107,2015,AZO,7.8844044665493715,18.661044069640912,1.3046503853905465,68.0,52.0,19.0,11.0,4.0,3
108,2016,AZO,-7.958833448970407,18.4651972061657,1.4260097674341399,69.0,53.0,19.0,12.0,4.0,2
109,2014,BA,22.226257865850503,17.95582295850067,0.7519000863872162,63.0,15.0,8.0,6.0,27.0,3
110,2015,BA,-14.417712841069712,18.419548803191493,20.0,82.0,15.0,8.0,5.0,24.0,1
111,2013,BAC,-0.6007344609398879,14.707446808510639,0.0562343554443054,5.0,0.0,0.0,11.0,74.4574898785425,2
112,2014,BAC,5.488597573060198,47.05555694444445,-0.7626245435823755,2.0,0.0,0.0,5.0,74.4574898785425,3
113,2013,BAX,4.718185122940871,10.034205778297297,-0.8143143920079734,24.0,44.0,5.0,21.0,52.0,3
114,2014,BAX,8.749829286337587,8.449382998253796,0.34354634168724235,31.0,43.0,6.0,23.0,48.0,3
115,2015,BAX,0.9263610943982854,21.866208954747187,-0.35619513526991003,11.0,42.0,5.0,10.0,128.0,2
116,2014,BBBY,-10.997175871163057,16.130927938144335,3.240212481488128,26.0,40.0,14.0,9.0,47.0,1
117,2015,BBBY,21.626137393449664,12.37329434697856,2.1432313422445,35.0,39.0,13.0,8.0,51.0,3
118,2016,BBBY,-9.938179365921702,8.597087281553398,20.0,33.0,38.0,12.0,7.0,32.0,1
119,2013,BBT,-19.54426012269593,15.060811036036036,-0.7935888892065143,7.0,0.0,0.0,16.0,74.4574898785425,0
120,2014,BBT,-16.913544930354185,13.71326164874552,0.5340954536879838,9.0,0.0,0.0,21.0,74.4574898785425,1
121,2015,BBT,3.880620711174586,14.853281467181468,-2.0720327646718144,8.0,0.0,0.0,20.0,74.4574898785425,2
122,2015,BBY,16.1933935268416,9.858356657223796,0.07806617454451331,25.0,22.0,4.0,3.0,50.0,3
123,2016,BBY,-63.333430886632684,14.121621814671816,-0.5303119681467181,20.0,23.0,3.0,2.0,47.0,0
124,2014,BCR,-15.926357085259887,39.57571723237598,-0.7175724525785369,16.0,62.0,24.0,9.0,164.0,1
125,2015,BCR,-14.502626690948848,50.0,-1.8713962885331148,9.0,62.0,25.0,4.0,82.0,1
126,2014,BDX,-0.9947581280144338,20.443719412724306,-2.7108371941272447,23.0,51.0,19.0,14.0,123.0,2
127,2015,BDX,3.282514726916211,43.00291545189504,-0.9763254508152467,10.0,46.0,10.0,7.0,35.0,2
128,2016,BDX,-11.767457238633899,34.594771459695,1.022931604368568,13.0,48.0,11.0,8.0,43.0,1
129,2014,BHI,8.599219722477878,14.089058269720102,0.23835598579594966,9.0,20.0,12.0,7.0,38.0,3
130,2015,BHI,-7.046068418691401,-11.275055679287304,0.05262585370498706,12.0,8.0,15.0,12.0,84.0,2
131,2014,BIIB,15.894321881387274,25.095008655394523,0.4325587018232478,27.0,88.0,41.0,30.0,83.0,3
132,2015,BIIB,30.17231705262724,21.09687912873862,0.885213644523424,38.0,88.0,45.0,33.0,133.0,3
133,2013,BK,-25.264115287131844,17.39714257142857,-1.2237989946798025,6.0,100.0,24.0,14.0,74.4574898785425,0
134,2014,BK,-12.52833853872855,17.419354377880186,0.7258064324116744,7.0,100.0,22.0,16.0,74.4574898785425,1
135,2015,BK,-3.0880189052398324,14.96703315018315,0.5799725345695971,8.0,100.0,28.0,21.0,74.4574898785425,2
136,2013,BLL,-19.542893062534095,17.413978136200715,2.5250268297490988,33.0,19.0,9.0,5.0,22.0,0
137,2014,BLL,-21.530768763385236,17.81858377581121,0.8285641455752212,45.0,19.0,10.0,5.0,10.0,0
138,2015,BLL,-16.73647677490612,34.509755365853664,-0.8730453036585366,22.0,19.0,8.0,4.0,10.0,1
139,2013,BMY,-51.853354650123094,27.52884583333333,0.8258653749999996,17.0,72.0,19.0,16.0,36.0,0
140,2014,BMY,-9.092319158079329,46.206611157024795,-2.0594946687131044,13.0,75.0,16.0,13.0,88.0,1
141,2015,BMY,2.193668446863387,50.0,-3.0643322228132384,11.0,76.0,11.0,9.0,53.0,2
142,2013,BSX,-51.10109987171036,-50.0,1.0235416666666668,2.0,70.0,2.0,2.0,12.0,0
143,2015,BSX,-14.728000117080946,-50.0,-0.8825,4.0,71.0,4.0,3.0,13.0,1
144,2014,BWA,15.08221650396664,19.26643598615917,3.2873356401384077,18.0,21.0,12.0,8.0,37.0,3
145,2015,BWA,-6.63564560974002,18.187500551470585,-3.091875093749999,17.0,21.0,12.0,8.0,25.0,2
146,2013,BXP,2.389697605548204,21.345996303901437,0.14012847913785637,13.0,64.0,32.0,35.0,74.4574898785425,2
147,2014,BXP,-20.84283105679249,40.952298233215544,-0.9776357470380378,8.0,64.0,33.0,19.0,74.4574898785425,0
148,2015,BXP,-2.3629124135323254,34.06992084432718,1.0043528748900616,10.0,64.0,34.0,23.0,74.4574898785425,2
149,2013,C,-7.033701059898582,10.674712528735634,0.145617002430035,7.0,100.0,28.0,20.0,74.4574898785425,2
150,2014,C,0.2573582200924156,24.20361990950226,-0.49198947012306,3.0,100.0,20.0,11.0,74.4574898785425,2
151,2015,C,10.359881252587398,9.836414140480592,0.06793273515769407,8.0,100.0,35.0,25.0,74.4574898785425,3
152,2014,CAG,-24.20555752555057,38.164720600972224,-0.6185316787054119,6.0,25.0,10.0,3.0,5.0,0
153,2015,CAG,-19.599530208880953,-50.0,0.2778563777859091,6.0,24.0,11.0,2.0,5.0,0
154,2016,CAG,-26.689732008273012,-23.02343240974522,-0.1424129839778055,18.0,27.0,8.0,6.0,33.0,0
155,2014,CAH,-9.486770311127337,21.72514605263158,0.08725673414581536,18.0,6.0,2.0,1.0,19.0,1
156,2015,CAH,1.48053118217602,23.3060106557377,3.3211065184426225,19.0,6.0,2.0,1.0,27.0,2
157,2016,CAH,-9.113645897281737,18.35550516055046,0.9597306983944955,22.0,5.0,2.0,1.0,12.0,1
158,2014,CAT,1.76604468949149,15.300501085141903,7.484495114148575,15.0,25.0,6.0,4.0,26.0,2
159,2015,CAT,-4.44253675099672,22.62994265536723,-0.553279006145509,17.0,27.0,8.0,5.0,25.0,2
160,2013,CB,-16.558419948102184,8.364791333938294,0.21759391835996345,13.0,35.0,22.0,20.0,74.4574898785425,1
161,2014,CB,-8.428205415464696,12.892941235294117,-0.5638103667180207,10.0,31.0,18.0,15.0,74.4574898785425,1
162,2015,CB,-5.160197722832909,13.380596785304245,5.415955841670727,10.0,32.0,17.0,15.0,74.4574898785425,2
163,2013,CBG,-16.31939634293595,24.35416666666667,-11.933541666666656,17.0,12.0,9.0,4.0,23.0,1
164,2014,CBG,-11.00225815789749,20.833333333333332,0.39215686274509803,21.0,11.0,9.0,5.0,26.0,1
165,2015,CBG,6.659043664818201,21.06707256097561,1.8216821567431867,20.0,10.0,8.0,5.0,12.0,3
166,2013,CCI,1.32307560301845,50.0,-4.751740858299596,1.0,65.0,31.0,3.0,54.0,2
167,2014,CCI,-0.955294465982116,50.0,0.24411859134615382,6.0,63.0,27.0,11.0,32.0,2
168,2015,CCI,-3.825509926806044,18.664414189189188,0.057091149284578695,21.0,64.0,26.0,42.0,36.0,2
169,2014,CCL,-2.460323119206815,26.85534496855346,1.8664464753144627,5.0,34.0,11.0,8.0,5.0,2
170,2015,CCL,20.851656838441627,22.31194668141593,0.529492466021662,7.0,40.0,16.0,11.0,20.0,3
171,2013,CF,0.014592983864094689,1.7721752874949737,-0.1260116776906746,30.0,46.0,44.0,28.0,225.0,2
172,2014,CF,-18.90838905476355,1.863365217231222,0.2023663447709193,52.0,37.0,50.0,46.0,213.0,0
173,2015,CF,28.638774326627335,16.093602794612792,-0.1806954327828373,16.0,36.0,28.0,15.0,25.0,3
174,2013,CHD,-15.788927256109508,10.627193070175439,0.7590852192982449,17.0,45.0,19.0,12.0,76.0,1
175,2014,CHD,-11.229450683942488,11.915033006535946,1.617040193744164,20.0,44.0,19.0,13.0,47.0,1
176,2015,CHD,-1.5782603726280287,13.151757507987222,5.749196853491577,20.0,45.0,20.0,12.0,38.0,2
177,2013,CHK,-31.0879259653898,28.52477352547945,-0.19016515683652965,5.0,32.0,11.0,4.0,17.0,0
178,2014,CHK,32.46280552845584,11.67622240650259,0.07103035297289076,11.0,31.0,15.0,8.0,73.0,3
179,2013,CHRW,-19.08083852754145,23.084906226415093,-0.8247811156622089,44.0,14.0,5.0,3.0,13.0,0
180,2014,CHRW,-14.224869422443449,21.936274509803923,1.4178323768531806,43.0,15.0,6.0,3.0,31.0,1
181,2015,CHRW,5.139798174342869,19.471590624999997,1.2952840720108703,44.0,17.0,6.0,4.0,12.0,3
182,2013,CI,-37.56533606961455,13.332386363636365,-1.8093952922077923,14.0,36.0,7.0,5.0,74.4574898785425,0
183,2014,CI,-12.644848329805857,12.011919761606023,0.2357729975512261,20.0,39.0,9.0,6.0,74.4574898785425,1
184,2015,CI,-31.476934447384554,15.304161077111385,6.0987081892288915,17.0,39.0,9.0,6.0,74.4574898785425,0
185,2013,CINF,-14.613594048645538,14.610759493670885,0.6638924050632904,9.0,17.0,16.0,11.0,74.4574898785425,1
186,2014,CINF,1.8845240361029139,16.305296105919005,10.304947138940902,8.0,16.0,15.0,11.0,74.4574898785425,2
187,2015,CINF,-19.733576430699273,14.481912144702843,0.7043475452196383,10.0,18.0,17.0,12.0,74.4574898785425,0
188,2013,CL,-20.404458513567924,24.528007987551867,-0.45791496926400793,97.0,59.0,20.0,13.0,21.0,0
189,2014,CL,-10.46860190587858,28.35714180672269,-20.0,190.0,59.0,21.0,13.0,28.0,1
190,2015,CL,-6.279142129556548,44.568626470588235,-1.2479215411764708,463.0,59.0,17.0,9.0,27.0,2
191,2014,CLX,-9.395890727508426,23.02552238979119,-16.770255473897834,362.0,43.0,18.0,10.0,20.0,1
192,2015,CLX,-10.525702145218547,26.052809325842695,8.020543442455837,492.0,44.0,18.0,10.0,27.0,1
193,2016,CLX,-2.615892360657173,24.595807984031936,1.9544883130168242,218.0,45.0,18.0,11.0,26.0,2
194,2014,CMA,12.386853750255849,14.391768292682928,1.1673323170731704,8.0,0.0,0.0,23.0,74.4574898785425,3
195,2015,CMA,-6.407967688826913,15.124573549488053,-1.4173886069234536,7.0,0.0,0.0,18.0,74.4574898785425,2
196,2013,CME,-42.16281953029819,22.147959013605448,2.609607344646556,5.0,100.0,53.0,35.0,74.4574898785425,0
197,2014,CME,-22.157448417884925,24.93323367952522,1.7047373725070725,5.0,100.0,55.0,38.0,74.4574898785425,0
198,2015,CME,-1.319418363534008,24.28301886792453,2.4068756936736975,6.0,100.0,58.0,39.0,74.4574898785425,2
199,2015,CMG,10.58313608581369,38.20620866013072,5.7711483607671035,22.0,26.0,17.0,11.0,237.0,3
200,2014,CMI,19.408232391572557,15.85121664823009,1.132433765950132,21.0,25.0,12.0,9.0,60.0,3
201,2015,CMI,15.255134582422116,14.889949045801526,-1.1407215201190328,19.0,26.0,11.0,7.0,48.0,3
202,2014,CMS,-22.59921666274943,17.670454829545456,6.043295551704558,13.0,29.0,16.0,7.0,13.0,0
203,2015,CMS,-18.463730255814564,18.807895263157896,2.3644211187969915,14.0,34.0,18.0,8.0,12.0,0
204,2013,CNC,-29.08999932577468,8.401006711409396,0.0011429941103958362,13.0,17.0,3.0,2.0,74.4574898785425,0
205,2014,CNC,-35.202047458905675,17.879347608695657,-0.7835361157928391,16.0,23.0,3.0,2.0,74.4574898785425,0
206,2015,CNC,5.805390576987643,19.921404849498327,0.6640468283166102,16.0,24.0,3.0,2.0,74.4574898785425,3
207,2013,CNP,-19.13918064274108,29.2054801369863,-1.1448548213698633,7.0,29.0,12.0,4.0,32.0,0
208,2014,CNP,5.607429131279665,16.56338063380282,0.17523576612573996,13.0,25.0,10.0,7.0,44.0,3
209,2015,CNP,10.235842770642556,-12.962733540372671,0.0607494443146178,20.0,31.0,13.0,9.0,43.0,3
210,2013,COF,-10.369737884051114,9.612056666666668,0.7106056178571433,10.0,0.0,0.0,17.0,74.4574898785425,1
211,2014,COF,4.116824546258132,10.40466945525292,1.1114078736292903,10.0,0.0,0.0,19.0,74.4574898785425,3
212,2015,COF,6.950389790151211,10.874125874125873,-1.4971341158841165,9.0,0.0,0.0,16.0,74.4574898785425,3
213,2013,COG,-6.492422558539904,47.78731194029851,7.526501630597015,13.0,77.0,32.0,16.0,13.0,2
214,2014,COG,16.408247721206216,50.0,-2.169523809523809,5.0,76.0,5.0,5.0,4.0,3
215,2015,COG,3.200207691216905,-50.0,0.3921832799865229,6.0,57.0,7.0,8.0,0.0,2
216,2014,COL,-4.0616428773795725,17.863534340044744,-5.169260249650451,32.0,30.0,18.0,12.0,15.0,2
217,2015,COL,-18.499047805244018,17.103082755298647,1.0618163877247895,37.0,31.0,19.0,13.0,12.0,0
218,2016,COL,-19.20358984411655,16.517920788530464,2.1981540741659766,35.0,31.0,19.0,14.0,14.0,0
219,2014,COO,-13.493564939906273,25.626559625668445,-3.251369752506688,11.0,64.0,18.0,16.0,6.0,1
220,2014,COST,-0.9048727633705036,27.953092110874195,20.0,17.0,13.0,3.0,2.0,51.0,2
221,2015,COST,-9.977219940378898,28.09149695009242,1.8298488985546328,22.0,13.0,3.0,2.0,39.0,1
222,2016,COST,-8.45835836632701,29.916044496268654,-20.0,19.0,13.0,3.0,2.0,30.0,1
223,2014,CPB,-12.933898808342448,16.796934865900386,0.21324804264534403,54.0,36.0,15.0,10.0,8.0,1
224,2015,CPB,-17.160523607684052,21.97963733031674,-1.4341713358031678,48.0,34.0,13.0,8.0,9.0,1
225,2016,CPB,-34.35303845771556,31.005494505494504,-1.7569780219780224,37.0,35.0,12.0,7.0,12.0,0
226,2014,CRM,-7.035113785516871,-50.0,1.8435796882855706,8.0,76.0,7.0,6.0,21.0,2
227,2015,CRM,-13.63510327944687,-50.0,-20.0,7.0,76.0,3.0,5.0,23.0,1
228,2016,CRM,10.567882604969865,-50.0,12.557142857142857,1.0,75.0,2.0,1.0,24.0,3
229,2014,CSCO,-34.60712127950687,16.816667,-0.8499234402702701,14.0,59.0,20.0,17.0,263.0,0
230,2015,CSCO,-3.9762206123657986,15.693181818181818,0.9053758741258741,15.0,60.0,22.0,18.0,258.0,2
231,2016,CSCO,-10.231674825599315,13.3685441314554,0.6359091262530137,17.0,63.0,26.0,22.0,264.0,1
232,2015,CSX,9.525187473712272,15.40250025,4.246689354642842,17.0,72.0,30.0,17.0,74.0,3
233,2014,CTAS,-6.767175363216051,22.47727256493506,1.0339545379870123,17.0,42.0,14.0,9.0,81.0,2
234,2015,CTAS,1.8824172946507964,23.228261820652175,1.1923841067934786,22.0,43.0,16.0,10.0,85.0,2
235,2016,CTAS,-14.319163320201548,16.38095253968254,0.23008360819096088,38.0,43.0,16.0,14.0,26.0,1
236,2013,CTL,-3.8829724303689366,-50.0,0.6803030587121212,1.0,59.0,8.0,1.0,4.0,2
237,2014,CTL,-0.9915307181583468,26.4044125,-0.0600100284090909,5.0,56.0,13.0,4.0,3.0,2
238,2015,CTL,41.85881671878433,20.61075981012658,1.2741196973532805,6.0,57.0,15.0,5.0,3.0,3
239,2013,CTSH,8.178510890153053,10.80343961916462,0.6500690391531809,20.0,40.0,19.0,14.0,211.0,3
240,2014,CTSH,3.86676512438453,21.90611793248945,-0.5244582352072474,19.0,40.0,18.0,14.0,146.0,2
241,2015,CTSH,0.5796654868687379,21.252808426966293,1.6789718657303372,17.0,40.0,17.0,13.0,182.0,2
242,2014,CTXS,-10.117125210946133,43.48986587837838,-2.3279869381955485,12.0,80.0,10.0,8.0,50.0,1
243,2015,CTXS,-11.376139455257391,34.98756243781095,0.9770111775086836,16.0,81.0,11.0,10.0,52.0,1
244,2014,CVS,-15.689473737381771,21.22361846733668,3.810144839136156,12.0,18.0,6.0,3.0,13.0,1
245,2015,CVS,12.960014348398776,20.937768240343345,1.2254752587730364,14.0,17.0,6.0,3.0,11.0,3
246,2013,CVX,-7.4383678778123965,10.507602728085867,-0.6295179848701443,14.0,28.0,12.0,10.0,50.0,2
247,2014,CVX,7.1396043405257865,11.562683692458373,-1.3326886977493282,12.0,28.0,10.0,10.0,41.0,3
248,2015,CVX,0.054566375270320044,40.85568983739837,-0.5382407654707578,3.0,29.0,3.0,4.0,43.0,2
249,2013,CXO,-13.34753405899361,39.253139121338904,-0.9166375504312662,7.0,80.0,27.0,11.0,0.0,1
250,2014,CXO,-11.81515533084512,20.934560838445808,0.20013440161554194,10.0,80.0,41.0,20.0,0.0,1
251,2015,CXO,-12.957645061468407,50.0,-1.9877464982758624,1.0,70.0,21.0,4.0,38.0,1
252,2013,D,-16.11378064198056,19.92491518771331,0.044000854372866896,15.0,39.0,25.0,13.0,13.0,1
253,2014,D,-18.40392536249742,31.773334222222225,-1.3690569010457516,11.0,37.0,22.0,11.0,8.0,0
254,2015,D,4.085758412803928,22.713395638629283,0.5323452102803737,15.0,47.0,30.0,16.0,8.0,3
255,2014,DAL,-6.806481916963629,48.632912658227845,-0.5193928107475108,7.0,43.0,5.0,2.0,26.0,2
256,2015,DAL,15.185897887834892,8.88380264084507,0.014352155595639278,42.0,58.0,19.0,11.0,31.0,3
257,2014,DD,-12.850137829477418,16.735787803379747,-0.6878804120759237,27.0,40.0,14.0,13.0,51.0,1
258,2015,DD,-12.661241023689788,31.641348799562216,-0.702153526731858,20.0,40.0,12.0,8.0,60.0,1
259,2014,DE,-8.084251066738782,10.371412055109069,-2.0257353758702448,35.0,31.0,15.0,9.0,23.0,1
260,2013,DFS,-11.172053814583585,9.511066498993964,0.850289345010061,23.0,0.0,0.0,26.0,74.4574898785425,1
261,2014,DFS,-1.41710229293324,12.4480649694501,-10.311147149694527,21.0,0.0,0.0,24.0,74.4574898785425,2
262,2015,DFS,11.846863181515175,11.676069844357977,2.492587084165118,20.0,0.0,0.0,23.0,74.4574898785425,3
263,2014,DG,-0.1286687479963119,20.755520504731862,1.9856114616193477,19.0,31.0,10.0,6.0,28.0,2
264,2015,DG,6.002653643667991,20.391428285714287,1.958812959567099,19.0,31.0,9.0,6.0,30.0,3
265,2016,DG,-22.640127207724216,18.311868434343435,1.3932943373956959,22.0,31.0,10.0,6.0,8.0,0
266,2013,DGX,-8.616509149165376,10.115591308243728,0.16891585486014649,22.0,39.0,21.0,12.0,17.0,1
267,2014,DGX,-9.218640759810238,15.909921540469973,-0.5072992125475568,13.0,38.0,13.0,7.0,11.0,1
268,2015,DGX,-10.556830924839923,14.207317378048781,0.49921124365070496,15.0,38.0,19.0,9.0,11.0,1
269,2014,DHI,1.43319981782924,14.9171974522293,1.6523664870161665,10.0,22.0,12.0,7.0,74.4574898785425,2
270,2015,DHI,-1.8807820983266974,14.097560975609756,0.4611077235772359,13.0,21.0,12.0,7.0,74.4574898785425,2
271,2016,DHI,7.699980136355826,12.38702949790795,0.7468650138444493,13.0,22.0,13.0,7.0,74.4574898785425,3
272,2013,DHR,-17.834441904227056,13.132453232726098,1.0787372298310727,12.0,51.0,17.0,15.0,69.0,1
273,2014,DHR,2.392235404587338,16.722332745945945,-3.806789866282988,11.0,52.0,17.0,14.0,56.0,2
274,2015,DHR,-10.20721821618034,14.100646240239087,0.47002154134130314,14.0,52.0,17.0,16.0,13.0,1
275,2014,DIS,7.868690312921626,19.857308352668216,0.7630561187205094,17.0,46.0,23.0,15.0,26.0,3
276,2015,DIS,15.100498205659603,20.30808111111111,1.367622337326387,19.0,46.0,25.0,16.0,26.0,3
277,2016,DIS,-14.866664545566081,18.028646093749998,1.1017505946180557,22.0,46.0,26.0,17.0,27.0,1
278,2014,DISCA,5.436100328950749,50.0,-1.2264991614522363,20.0,66.0,33.0,18.0,14.0,3
279,2013,DLR,14.658295434035553,27.738207783018865,0.6414460549823112,9.0,63.0,26.0,21.0,74.4574898785425,3
280,2014,DLR,-19.456772307530613,50.0,-1.1051446428571428,5.0,63.0,16.0,12.0,74.4574898785425,0
281,2015,DLR,-16.73365015632014,45.89743461538461,0.8195970467032965,7.0,63.0,23.0,17.0,74.4574898785425,1
282,2014,DLTR,4.19621853899254,23.169708941605837,15.639553535583918,51.0,36.0,12.0,8.0,39.0,3
283,2015,DLTR,-15.780880332736466,25.493127491408934,4.108892313321213,34.0,35.0,12.0,7.0,100.0,1
284,2016,DLTR,3.861423930323247,50.0,-1.0786755530055692,6.0,30.0,7.0,2.0,35.0,2
285,2013,DNB,-34.685286585668706,15.346445158850225,7.092250012697216,25.0,100.0,27.0,17.0,28.0,0
286,2014,DNB,12.67115437566199,15.19354875930521,0.6926162572345343,24.0,100.0,26.0,19.0,27.0,3
287,2015,DNB,-3.1477811286969706,24.278846153846157,-0.5789571005917159,15.0,100.0,21.0,10.0,38.0,2
288,2014,DOV,12.551920320052739,16.528621656182796,-0.8004770488035637,21.0,38.0,16.0,10.0,33.0,3
289,2015,DOV,-10.976234316723176,12.084239039855074,0.6458817417853576,24.0,37.0,13.0,13.0,26.0,1
290,2014,DPS,-22.59336310154839,16.94429025069638,1.0233022347479388,31.0,59.0,19.0,11.0,23.0,0
291,2015,DPS,-16.519264747554725,20.761250500000003,1.817875348658536,35.0,59.0,21.0,12.0,58.0,1
292,2014,DRI,-7.696447146616162,25.98623830275229,-0.8207534671859387,13.0,21.0,5.0,5.0,6.0,2
293,2015,DRI,2.551476575645573,11.072841456834533,0.07141655140798604,30.0,21.0,5.0,10.0,45.0,2
294,2016,DRI,-27.797329527236588,23.205782482993197,-0.4924585900971076,19.0,22.0,9.0,5.0,23.0,0
295,2013,DUK,-8.351662740555224,17.7267899204244,0.010456814278902035,6.0,40.0,21.0,12.0,18.0,1
296,2014,DUK,-21.665090956815728,28.951127255639094,-0.983295042826661,5.0,40.0,22.0,8.0,18.0,0
297,2015,DUK,7.8138231560774525,19.219753086419754,0.3678024691358025,7.0,41.0,23.0,12.0,8.0,3
298,2013,DVA,-8.72321124818764,19.591887334437086,-0.4270419192428084,14.0,30.0,13.0,5.0,39.0,1
299,2014,DVA,-4.622970950911688,20.46187727272727,1.5844838298368285,14.0,29.0,14.0,6.0,62.0,2
300,2015,DVA,4.462393942792129,50.0,-0.9137916446390462,6.0,29.0,8.0,2.0,79.0,3
301,2014,DVN,8.004361000325684,15.530534351145036,-0.002335418699420306,7.0,89.0,23.0,8.0,25.0,3
302,2014,EA,-56.500479187832646,50.0,-12.94712643678161,0.0,62.0,1.0,0.0,99.0,0
303,2015,EA,-27.861735300741035,20.752669217081852,0.002239496678102358,29.0,68.0,21.0,19.0,110.0,0
304,2016,EA,-17.959675822734983,19.80428927613941,0.6048918789777362,34.0,69.0,20.0,26.0,159.0,1
305,2014,EBAY,3.302650188912859,50.0,-6.002979252403935,0.0,81.0,28.0,1.0,45.0,2
306,2015,EBAY,-24.92548268348069,17.95767635916084,0.005167676650118227,26.0,79.0,26.0,20.0,271.0,0
307,2013,ECL,-29.053803931649558,27.434984984520124,0.806320900154799,13.0,46.0,12.0,7.0,10.0,0
308,2014,ECL,2.2507132774019896,26.072319077306734,1.079661418201292,16.0,46.0,14.0,8.0,5.0,2
309,2015,ECL,-22.147797402167907,32.50443831360947,-2.068933295834508,15.0,47.0,12.0,7.0,2.0,0
310,2014,ED,-14.045389945573385,16.384719034852548,5.392062082378752,9.0,40.0,17.0,8.0,19.0,1
311,2015,ED,-4.513964130267309,16.12899262899263,1.7694453678277198,9.0,44.0,19.0,10.0,20.0,2
312,2013,EFX,-19.6506530288594,21.46206896551724,0.7733158182813357,15.0,66.0,27.0,15.0,36.0,0
313,2014,EFX,-18.724728148625495,24.83663283828383,5.540479633155626,17.0,65.0,26.0,15.0,16.0,0
314,2015,EFX,-22.180702247552247,26.851800969529087,1.4027751196150533,19.0,67.0,26.0,16.0,15.0,0
315,2013,EIX,-5.610670682612835,16.25089003558719,-0.027004446349937174,10.0,34.0,14.0,8.0,3.0,2
316,2014,EIX,-32.549914580479864,11.449495151515151,0.15034150175587652,16.0,35.0,18.0,13.0,2.0,0
317,2015,EIX,-6.10728492896501,19.98242875399361,-0.5434781446827932,10.0,37.0,17.0,10.0,3.0,2
318,2014,EL,9.033948912757202,24.411858012820513,1.3102691137493447,31.0,80.0,17.0,11.0,79.0,3
319,2015,EL,-2.3375867407741153,28.775262369337977,-3.5911527436933772,30.0,81.0,15.0,10.0,72.0,2
320,2016,EL,-4.663114370148088,27.282391694352164,5.592890297342214,31.0,81.0,14.0,10.0,52.0,2
321,2013,EMN,-2.738131545588999,9.892337912813737,0.06493876091562628,31.0,30.0,20.0,12.0,16.0,2
322,2014,EMN,13.522062156277027,15.597415109343933,-0.464852095975329,21.0,23.0,12.0,8.0,11.0,3
323,2015,EMN,-1.3875948551026707,12.563922591943959,0.9293607446687961,22.0,27.0,14.0,9.0,14.0,2
324,2014,EMR,15.897813768340281,21.714754590163935,2.235815472616878,22.0,44.0,19.0,12.0,37.0,3
325,2015,EMR,9.046356639008657e-06,13.730673192019951,0.4362349295381338,34.0,43.0,18.0,17.0,39.0,2
326,2016,EMR,-23.044539698780564,20.55731245059289,-0.5569920468032262,22.0,43.0,17.0,11.0,40.0,0
327,2013,EOG,1.577935088421241,8.940344341943417,0.03173822241389912,14.0,86.0,25.0,15.0,46.0,2
328,2014,EOG,7.194877211203125,16.348414598880595,-0.47982891945450984,16.0,86.0,29.0,16.0,62.0,3
329,2013,EQIX,12.93175787757786,50.0,-2.7636971855409027,4.0,51.0,21.0,4.0,116.0,3
330,2014,EQIX,-15.21694927640567,-41.051412399193545,0.11456208111402849,11.0,51.0,21.0,11.0,178.0,1
331,2015,EQIX,-31.08017801777929,50.0,-0.493536948486836,7.0,53.0,21.0,7.0,164.0,0
332,2014,EQR,-29.789234187094284,35.941821716589864,-0.5419131060222894,6.0,66.0,35.0,24.0,74.4574898785425,0
333,2015,EQR,-3.9364210575371503,32.497890506329114,0.8898476012458569,8.0,67.0,37.0,32.0,74.4574898785425,2
334,2014,EQT,9.436782776480062,32.35098000000001,-20.0,8.0,81.0,31.0,16.0,129.0,3
335,2015,EQT,16.709510249300095,50.0,-1.4596599295585067,2.0,73.0,9.0,4.0,201.0,3
336,2013,ES,-7.7087785765134695,16.449799598393575,0.5297393091008099,8.0,45.0,21.0,11.0,1.0,2
337,2014,ES,-22.98223235715927,18.766409073359075,4.672835859266429,8.0,43.0,21.0,11.0,1.0,0
338,2015,ES,-13.217065215157437,19.02888050541516,2.7380444727236224,8.0,44.0,22.0,11.0,1.0,1
339,2013,ESS,5.027539233442843,36.03201995073893,1.9254610661176115,8.0,68.0,31.0,26.0,74.4574898785425,3
340,2013,ETFC,-74.09333922714211,47.63333333333333,-0.26923188405797105,2.0,100.0,13.0,6.0,74.4574898785425,0
341,2014,ETFC,0.136671590289946,21.544117156862743,0.08976715482026142,5.0,100.0,31.0,18.0,74.4574898785425,2
342,2015,ETFC,-4.271455623817598,29.429347282608695,-3.001793422826087,5.0,100.0,14.0,19.0,74.4574898785425,2
343,2013,ETN,-30.611101669335167,16.760814376590332,1.5213662280289695,11.0,30.0,10.0,8.0,35.0,0
344,2014,ETN,15.364333223856669,19.161375793650794,-5.0202804579365,11.0,31.0,8.0,8.0,19.0,3
345,2015,ETN,3.870992477583854,14.211764588235294,1.142988726458072,13.0,31.0,11.0,9.0,10.0,2
346,2013,ETR,-2.6951722444286648,16.021303132832077,-0.9797643069693472,8.0,33.0,12.0,6.0,18.0,2
347,2014,ETR,-34.198645184776964,14.657442748091604,0.4678655725190841,10.0,35.0,16.0,8.0,37.0,0
348,2015,ETR,10.871715687389543,-50.0,0.6651844455469624,2.0,35.0,3.0,1.0,44.0,3
349,2013,EW,6.73102322551487,11.225783475783478,0.2981848735754986,25.0,75.0,25.0,19.0,271.0,3
350,2015,EW,0.355602000607691,31.06630413043478,-0.44497225089081394,20.0,75.0,25.0,20.0,257.0,2
351,2013,EXPD,-12.771639409501374,25.04141982248521,3.596858483593334,17.0,31.0,9.0,6.0,146.0,1
352,2014,EXPD,-2.2343882569192766,23.234375260416666,1.7072214865262676,20.0,30.0,9.0,6.0,98.0,2
353,2015,EXPD,-19.73610771202601,18.702479545454544,0.7181752145454543,27.0,33.0,11.0,7.0,94.0,0
354,2014,EXPE,1.6428497262900865,25.160195145631068,0.3200524823672188,22.0,80.0,9.0,7.0,43.0,2
355,2015,EXPE,-8.174915569604,17.978705281090292,0.19983524934737046,16.0,80.0,6.0,11.0,29.0,1
356,2015,EXR,-23.49350454377059,46.892405063291136,18.053575949367083,19.0,74.0,38.0,50.0,74.4574898785425,0
357,2014,F,21.197796900669314,19.09259259259259,-0.34404473780711403,5.0,8.0,0.0,1.0,155.0,3
358,2015,F,21.286077513954556,7.991935483870967,0.061652073732718894,26.0,12.0,5.0,5.0,43.0,3
359,2014,FAST,1.2579160945835137,28.70359251497006,2.708901543600303,26.0,51.0,21.0,13.0,31.0,2
360,2015,FAST,1.2878460139578953,25.21468870056497,4.210853012994348,29.0,50.0,21.0,13.0,35.0,2
361,2013,FCX,20.22782468894176,13.75660358490566,-0.8003842085763289,13.0,30.0,26.0,13.0,42.0,3
362,2014,FCX,39.22581733556162,-24.30158650793651,0.16470384717655182,3.0,9.0,0.0,3.0,9.0,3
363,2014,FDX,-3.00598750375238,23.35777060117302,0.6182939276781093,15.0,63.0,8.0,5.0,55.0,2
364,2015,FDX,7.5448620436882115,43.520270675675675,-0.9513084807952182,7.0,64.0,4.0,2.0,63.0,3
365,2016,FDX,-22.244360919946573,25.357360166919577,0.3246444035211158,13.0,66.0,6.0,4.0,44.0,0
366,2013,FE,12.637538469461857,39.909575531914896,-0.8113485135609071,3.0,57.0,11.0,3.0,3.0,3
367,2014,FFIV,-7.042102111907928,27.06416501210654,1.5922750415456004,23.0,82.0,28.0,18.0,101.0,2
368,2015,FFIV,-11.405709819471342,22.62031587771203,0.9938500486696875,28.0,83.0,29.0,19.0,103.0,1
369,2016,FFIV,-50.167675801542714,22.151013351749544,3.1196010470380644,31.0,83.0,27.0,18.0,105.0,0
370,2013,FIS,-42.85523715861796,26.038235,3.428367608333335,8.0,33.0,18.0,9.0,33.0,0
371,2014,FIS,-9.22224341812288,24.539916386554623,0.6134979096638656,11.0,33.0,20.0,11.0,31.0,1
372,2015,FIS,-14.970595079834727,27.725225675675674,-4.124127319256765,7.0,33.0,17.0,10.0,29.0,1
373,2013,FISV,-34.53082111022503,20.02429119433198,-0.4438882284457829,18.0,42.0,22.0,13.0,30.0,0
374,2014,FISV,-18.54292485957779,21.65016518151815,0.9549269285419617,23.0,43.0,24.0,15.0,20.0,0
375,2015,FISV,-23.04114156264969,27.018091611842102,20.0,27.0,45.0,25.0,14.0,18.0,0
376,2014,FL,-1.1185372160881317,16.93771660899654,1.6435858339100344,17.0,33.0,10.0,7.0,138.0,2
377,2015,FL,4.425537622682179,16.78393351800554,0.6736884425977228,21.0,33.0,11.0,7.0,139.0,3
378,2016,FL,-33.479517115173834,17.40745501285347,2.2443183070143182,21.0,34.0,11.0,7.0,146.0,0
379,2013,FLIR,-20.6783295670189,21.30242016129032,-1.3615025059607297,11.0,49.0,16.0,12.0,196.0,0
380,2014,FLIR,-4.35790583239312,22.165492605633805,1.5269561572769967,12.0,49.0,17.0,13.0,172.0,2
381,2015,FLIR,-13.477086608847534,17.546242485549133,0.8037311074025726,15.0,48.0,20.0,16.0,81.0,1
382,2014,FLR,35.10687333765882,21.77314814814815,-1.028593550446999,16.0,6.0,6.0,2.0,63.0,3
383,2015,FLR,-24.5813820578333,18.992982280701753,-1.577878527935223,14.0,6.0,4.0,2.0,73.0,0
384,2014,FLS,22.181900504992683,18.28364063324538,1.7420246492231017,27.0,35.0,16.0,11.0,31.0,3
385,2015,FLS,5.26999753489488,25.534826368159205,-0.5436909659287831,16.0,33.0,12.0,6.0,27.0,3
386,2013,FMC,-32.081313804179246,31.26851805555555,-1.1072734040849677,19.0,38.0,17.0,9.0,6.0,0
387,2014,FMC,41.01556574152255,28.886956086956523,4.45684465341616,20.0,37.0,13.0,9.0,6.0,3
388,2015,FMC,4.868208208059952,13.192623497267759,0.22311054443908704,26.0,33.0,2.0,15.0,5.0,3
389,2014,FRT,-22.057552094009033,49.21487685950414,-20.0,10.0,69.0,40.0,24.0,74.4574898785425,0
390,2015,FRT,-13.61529830214245,46.457235361842095,1.8133307996073846,13.0,69.0,40.0,28.0,74.4574898785425,1
391,2013,FSLR,-29.325823308870536,11.653845888594166,-0.026507723230203947,8.0,26.0,11.0,11.0,111.0,0
392,2014,FSLR,10.624171342786086,12.443324811083123,2.3455667268891656,8.0,24.0,12.0,12.0,199.0,3
393,2015,FSLR,-8.933664045925548,10.261070387453875,0.28094103060821995,10.0,26.0,14.0,15.0,190.0,1
394,2013,FTR,1.7250553222691087,41.95454545454545,-1.9578787878787876,1.0,100.0,21.0,1.0,68.0,2
395,2014,FTR,-12.25960265761495,43.65384615384616,2.400961538461538,4.0,100.0,17.0,3.0,45.0,1
396,2014,GD,-31.96328779894341,15.479497023809524,1.238359761904762,21.0,19.0,13.0,8.0,32.0,0
397,2015,GD,2.2590293778275465,15.003792036836403,0.6792135796316359,28.0,19.0,13.0,9.0,22.0,2
398,2013,GILD,6.874309357415077,27.91666641791045,1.5912499858208968,27.0,74.0,40.0,27.0,33.0,3
399,2014,GILD,40.38992875335396,10.767924465408804,0.03643691612032272,78.0,85.0,61.0,49.0,176.0,3
400,2015,GILD,8.699885998316661,7.983023443815684,0.1435860551546034,98.0,88.0,68.0,55.0,148.0,3
401,2014,GIS,-22.012098838249063,17.89482706896552,12.794801354310373,28.0,36.0,17.0,10.0,16.0,0
402,2015,GIS,-15.82839015089002,27.51732623762376,-0.9068209782853286,24.0,34.0,12.0,7.0,7.0,1
403,2016,GIS,-26.045734808617162,21.061837279151945,0.5252458185665054,34.0,35.0,16.0,10.0,15.0,0
404,2014,GLW,-43.30503277833784,11.274724999999998,0.3238484840425532,11.0,42.0,20.0,25.0,261.0,0
405,2015,GLW,17.22787819534348,20.284314215686273,-0.4614681484068627,7.0,40.0,15.0,15.0,163.0,3
406,2013,GPC,-7.20730916356093,16.70090225733634,2.6785677851189416,20.0,30.0,7.0,5.0,6.0,2
407,2014,GPC,-14.859165918157263,20.563577693965517,4.337935675441301,22.0,30.0,7.0,5.0,4.0,1
408,2015,GPC,8.43963373239304,20.82903225806451,20.0,22.0,30.0,7.0,5.0,5.0,3
409,2014,GPN,-4.161246973666859,10.752940955882355,0.48214799769924127,25.0,63.0,16.0,10.0,48.0,2
410,2015,GPN,-26.091904057988433,12.745783734939758,0.577808862650602,37.0,63.0,16.0,10.0,22.0,0
411,2016,GPN,-10.718318239686447,32.5390243902439,-0.6430331010452961,10.0,60.0,15.0,9.0,43.0,1
412,2014,GPS,-3.660712471038505,14.584532374100721,0.7970616530031793,42.0,39.0,13.0,8.0,62.0,2
413,2015,GPS,25.47328016336552,11.646551551724139,2.6981177761494286,42.0,38.0,13.0,8.0,68.0,3
414,2016,GPS,-36.16718503675931,10.390625223214284,-0.4565577749594157,36.0,36.0,10.0,6.0,54.0,0
415,2013,GRMN,2.247204405322975,14.071885143769968,1.1177097342765852,17.0,53.0,22.0,23.0,147.0,2
416,2014,GRMN,6.659075379460253,26.235449206349205,-0.6622335162570403,11.0,56.0,24.0,13.0,132.0,3
417,2015,GRMN,-14.275999866651222,18.824267782426777,0.711557322175732,14.0,55.0,19.0,16.0,121.0,1
418,2014,GT,2.5226620481634416,2.8641839539978093,0.010446351042981545,68.0,23.0,8.0,14.0,46.0,2
419,2015,GT,-17.6649857503771,27.100876754385965,-0.30967585077289594,8.0,26.0,9.0,2.0,30.0,1
420,2013,GWW,-18.90462985626811,20.395667816091954,1.2377620905890805,25.0,44.0,14.0,8.0,36.0,0
421,2014,GWW,-5.394166549403237,22.12855854184642,8.938357039581534,25.0,43.0,14.0,8.0,18.0,2
422,2015,GWW,-3.1099352318730276,19.66980282292558,20.0,34.0,42.0,13.0,8.0,16.0,2
423,2014,HAL,40.05704102963843,10.859564285714287,0.14623390543831172,22.0,17.0,16.0,11.0,39.0,3
424,2015,HAL,-14.415774183399822,-46.27848037974684,0.38847586172429766,4.0,11.0,1.0,3.0,189.0,1
425,2014,HAS,-15.584146745712061,16.976851543209875,0.3591257057217474,28.0,60.0,15.0,10.0,83.0,1
426,2015,HAS,-9.61239897213522,17.011080886426594,1.4896189749195201,27.0,62.0,16.0,10.0,92.0,1
427,2013,HBAN,-18.26104209742561,11.075342465753426,3.9317465753424714,11.0,0.0,0.0,22.0,74.4574898785425,0
428,2015,HBAN,-9.344559464443625,13.22560975609756,1.072743902439024,11.0,0.0,0.0,22.0,74.4574898785425,1
429,2013,HCN,12.503051202841684,50.0,-2.8743863926056332,1.0,58.0,19.0,5.0,74.4574898785425,3
430,2014,HCN,-37.06810608239731,44.63698767123289,0.10591827583004416,4.0,58.0,26.0,15.0,74.4574898785425,0
431,2015,HCN,2.529597279717875,30.70851106382979,0.5037575972268706,6.0,57.0,28.0,22.0,74.4574898785425,2
432,2015,HCP,8.785794852862026,-31.22506887053719,0.19491424978192468,6.0,100.0,26.0,31.0,74.4574898785425,3
433,2014,HD,-11.542829130440408,24.71693134920635,0.9985640265079366,43.0,34.0,12.0,7.0,18.0,1
434,2015,HD,-6.528606506696118,25.130802320675105,0.9895253413765815,68.0,34.0,13.0,8.0,15.0,2
435,2016,HD,-5.651362675149544,24.20309653916211,1.529635701275046,111.0,34.0,13.0,8.0,18.0,2
436,2013,HES,-17.007016987795335,4.5646236842105266,0.030228626391560303,20.0,67.0,24.0,42.0,28.0,1
437,2014,HES,-4.580941370267331,10.277850327653997,-0.2090386631681389,10.0,65.0,19.0,22.0,50.0,2
438,2015,HES,3.9200715272354207,-5.608998330241188,0.023246418935220132,16.0,50.0,58.0,46.0,103.0,2
439,2013,HIG,-25.904398420752923,50.0,-0.2624815636363636,1.0,47.0,7.0,1.0,74.4574898785425,0
440,2014,HIG,-10.025540813425604,21.676794751381216,0.055697319847298955,4.0,42.0,9.0,4.0,74.4574898785425,1
441,2015,HIG,-17.714126467412637,10.553086419753086,0.08527270723104056,10.0,41.0,11.0,9.0,74.4574898785425,1
442,2013,HOG,-26.655790488293057,18.046969242424243,0.9023484621212123,24.0,39.0,20.0,12.0,52.0,0
443,2014,HOG,16.873794232522165,17.38333384615385,0.9560833615384614,29.0,39.0,21.0,14.0,44.0,3
444,2015,HOG,10.077738909454045,15.017520754716982,-3.0825437338629635,41.0,40.0,19.0,13.0,31.0,3
445,2014,HOLX,8.13695181730768,50.0,-4.041877828054299,1.0,49.0,11.0,1.0,120.0,3
446,2015,HOLX,-20.011284929375773,50.0,0.10270368292682928,6.0,53.0,17.0,5.0,52.0,0
447,2016,HOLX,-0.3573493226390568,33.30084745762712,0.22044222964908097,15.0,55.0,19.0,12.0,61.0,2
448,2014,HON,5.945303539994696,17.771296296296295,2.162896793134599,24.0,28.0,14.0,11.0,62.0,3
449,2015,HON,1.2671575103216828,16.716039034369885,1.2713607152901034,26.0,31.0,18.0,12.0,41.0,2
450,2014,HP,17.761344886133976,11.4999998470948,-2.2638571127566665,14.0,46.0,28.0,19.0,71.0,3
451,2015,HP,-23.688647451038765,15.335896794871795,-0.37991198878205124,9.0,46.0,21.0,13.0,223.0,0
452,2016,HP,-45.818691386320275,-50.0,1.0696696696696695,1.0,45.0,2.0,3.0,288.0,0
453,2014,HPQ,-24.703370042731514,5.858480926428571,7.733194822885721,19.0,20.0,8.0,9.0,35.0,0
454,2014,HRB,-13.44752107612573,18.13583757225434,2.0597129814203146,31.0,61.0,27.0,16.0,118.0,1
455,2015,HRB,3.61535094349361,19.485465988372095,-20.0,26.0,60.0,26.0,15.0,135.0,2
456,2014,HRL,-15.635476552909822,10.773026315789474,0.7392524954627957,17.0,17.0,10.0,6.0,35.0,1
457,2014,HRS,8.8246976152072,14.243,0.03605370927318296,29.0,34.0,18.0,11.0,50.0,3
458,2015,HRS,-17.345930654332847,25.326983650793654,-0.6845130716430717,10.0,34.0,14.0,7.0,21.0,1
459,2016,HRS,-21.71628363131539,36.39080459770115,-2.1227969348658995,11.0,31.0,10.0,4.0,25.0,0
460,2013,HSIC,-23.86038169110616,19.57071693227092,1.498172123780742,15.0,28.0,7.0,5.0,12.0,0
461,2014,HSIC,0.2446575270231064,22.762206781193488,2.2405152557174737,17.0,28.0,7.0,4.0,5.0,2
462,2015,HSIC,-12.445160529014466,25.58218088235294,5.65877841117648,17.0,28.0,7.0,5.0,3.0,1
463,2013,HST,-18.602624323426074,50.0,1.1025,4.0,61.0,10.0,6.0,148.0,0
464,2014,HST,-16.369676104362263,50.0,0.5698039215686275,10.0,62.0,13.0,14.0,110.0,1
465,2015,HST,23.545749909548803,50.0,-2.551287878787878,8.0,63.0,12.0,10.0,47.0,3
466,2014,HUM,-52.053969213918165,16.704973118279568,-3.526103785236853,12.0,21.0,5.0,2.0,74.4574898785425,0
467,2015,HUM,-31.059778419435048,18.93149830210773,1.2804577033425604,12.0,18.0,4.0,2.0,74.4574898785425,0
468,2013,IBM,-10.731937047726483,12.63545820053121,3.464022785919204,72.0,49.0,21.0,17.0,28.0,1
469,2014,IBM,-6.178405318277691,14.520468295739347,-0.7076966101418596,101.0,50.0,20.0,13.0,21.0,2
470,2015,IBM,4.075342178673626,11.141691580118694,0.8832188623445087,92.0,50.0,19.0,16.0,24.0,3
471,2013,IDXX,-13.160525308597094,14.289659773371104,1.5964999195076688,36.0,55.0,19.0,14.0,58.0,1
472,2014,IDXX,-11.758426670969305,17.630165151515154,6.223448298484837,155.0,55.0,18.0,12.0,39.0,1
473,2015,IDXX,-17.2803485988625,35.71135301932368,-0.8309757144881087,228.0,56.0,19.0,12.0,40.0,1
474,2013,IFF,-8.74873343878626,17.76273171296296,0.4565462448538412,24.0,43.0,17.0,12.0,72.0,1
475,2014,IFF,-5.225679685270565,18.559921611001965,1.0412839137601104,27.0,44.0,19.0,13.0,92.0,2
476,2015,IFF,-19.890917264542225,21.35645472061657,10.870435452793721,26.0,45.0,19.0,14.0,25.0,0
477,2014,ILMN,12.314345473919342,50.0,0.3533352419028581,24.0,70.0,28.0,19.0,185.0,3
478,2014,INTC,-37.10091901982451,13.056485774058576,0.5628796089260807,21.0,64.0,27.0,21.0,88.0,0
479,2015,INTC,-27.803035323805084,14.83194979253112,17.724180002074878,19.0,63.0,25.0,21.0,162.0,0
480,2014,INTU,-18.489537655202724,26.617924685534593,2.65261387383431,29.0,86.0,31.0,21.0,135.0,0
481,2015,INTU,-22.996806814250643,50.0,-1.2363486153436989,16.0,83.0,18.0,9.0,97.0,0
482,2016,INTU,-36.66208654589963,28.08579142091153,0.1502532051324485,84.0,84.0,26.0,21.0,48.0,0
483,2013,IP,-17.536918959958793,13.950722895349205,0.19090462909425232,17.0,31.0,8.0,6.0,35.0,1
484,2014,IP,-7.938351270266898,39.38433698530769,-0.6705981702903743,11.0,31.0,6.0,2.0,38.0,2
485,2015,IP,21.131408750073266,20.431111777777776,0.27958363485380117,24.0,31.0,9.0,4.0,27.0,3
486,2013,IPG,-33.85642538051619,23.28225806451613,-0.6029507857733665,12.0,100.0,8.0,4.0,20.0,0
487,2014,IPG,-0.4880080483947664,16.85087719298246,0.2009143049932524,23.0,100.0,10.0,6.0,22.0,2
488,2015,IPG,-6.3828225242758085,19.963963513513512,-7.5863061351351755,23.0,100.0,11.0,6.0,20.0,2
489,2013,IRM,-20.928512606637064,50.0,-1.159600202511397,9.0,57.0,16.0,3.0,16.0,0
490,2014,IRM,-15.077598385363954,20.26548836209581,0.08909826779886951,38.0,57.0,18.0,10.0,19.0,1
491,2015,IRM,32.222531975265554,50.0,-0.8780576031319205,24.0,57.0,17.0,4.0,15.0,3
492,2014,ISRG,-20.00262180774936,40.168723215859025,-1.191834560581467,12.0,66.0,26.0,20.0,246.0,0
493,2014,ITW,1.955460570009586,12.31105068212824,0.12966260662409573,43.0,40.0,20.0,20.0,113.0,2
494,2015,ITW,-6.907679034692021,18.212209786821706,-0.6151866255179868,36.0,41.0,21.0,14.0,130.0,2
495,2013,IVZ,-9.314921572747254,15.01428619047619,0.3753571547619046,11.0,100.0,24.0,20.0,89.0,1
496,2014,IVZ,8.37877681511678,16.821585682819386,2.077960584348279,12.0,100.0,25.0,19.0,92.0,3
497,2015,IVZ,17.58159278108384,16.11725707964602,-20.0,12.0,100.0,27.0,19.0,67.0,3
498,2013,JBHT,-13.879636939207426,23.643835958904113,2.229275961839533,34.0,36.0,10.0,6.0,1.0,1
499,2014,JBHT,-3.148176720791697,25.335937656249996,2.6421763555803524,31.0,37.0,10.0,6.0,1.0,2
500,2015,JBHT,13.670949714119994,21.3333337398374,1.3931973054587692,33.0,41.0,12.0,7.0,1.0,3
501,2014,JEC,10.803153648838428,21.69721075697211,-0.9335510417802471,7.0,16.0,4.0,3.0,31.0,3
502,2015,JEC,-23.98510820207791,17.97933884297521,-5.014237832874202,7.0,16.0,4.0,3.0,23.0,0
503,2016,JEC,-22.543961330422704,28.211427714285715,-1.0189799263965886,5.0,16.0,3.0,2.0,37.0,0
504,2013,JNPR,-35.47909875553395,24.267044886363635,0.16800261844405592,6.0,63.0,12.0,9.0,197.0,0
505,2014,JNPR,-5.302240056851275,-31.00000068493151,0.16944099753254488,7.0,62.0,9.0,7.0,130.0,2
506,2015,JNPR,-10.826169799571318,15.450616975308643,-0.04799553358287366,14.0,63.0,19.0,13.0,108.0,1
507,2013,JPM,-18.479630828514438,11.751708542141232,-0.7390833565057497,8.0,100.0,27.0,18.0,74.4574898785425,0
508,2014,JPM,-5.130466998507112,11.386704119850188,0.5261855903804453,9.0,100.0,33.0,24.0,74.4574898785425,2
509,2015,JPM,3.9414850004412028,10.609091074380165,0.7979231878477477,10.0,100.0,34.0,27.0,74.4574898785425,2
510,2014,JWN,-25.68820108524214,18.661803580901857,4.503715264190987,35.0,38.0,11.0,6.0,47.0,0
511,2015,JWN,24.03834362493927,17.133245778364117,20.0,30.0,38.0,10.0,5.0,30.0,3
512,2016,JWN,-33.21030246839419,15.256211180124224,-1.0144042170644,69.0,36.0,8.0,4.0,20.0,0
513,2013,K,-9.160530505524171,11.808233032128513,0.13759158489610612,51.0,41.0,19.0,12.0,7.0,1
514,2016,K,-12.826160174277895,41.836205747126435,-20.0,29.0,35.0,8.0,5.0,4.0,1
515,2013,KIM,13.322414362722068,46.02325581395349,19.329767441860536,5.0,74.0,29.0,27.0,74.4574898785425,3
516,2014,KIM,-20.922066974329113,25.56179775280899,0.23894723986321445,9.0,74.0,31.0,43.0,74.4574898785425,0
517,2015,KLAC,-10.226324716030993,30.997787831858414,-0.8704178823185843,87.0,57.0,24.0,13.0,238.0,1
518,2016,KLAC,-8.74550670120752,16.29646017699115,0.1629646017699115,102.0,61.0,32.0,24.0,249.0,1
519,2014,KMB,-13.826447457528207,26.662061465847664,-0.9852602846319868,209.0,34.0,13.0,8.0,13.0,1
520,2015,KMB,-8.942051653959078,43.83992805755396,-1.3831667224360045,582.0,36.0,9.0,5.0,10.0,1
521,2014,KMX,-36.72190781759996,26.0318175,1.6486817749999993,15.0,13.0,7.0,4.0,101.0,0
522,2015,KMX,6.531311387043049,21.898916967509024,0.8452213566406994,19.0,13.0,7.0,4.0,32.0,3
523,2016,KMX,-36.53176405957538,19.10423371335505,1.7639575795331166,21.0,13.0,7.0,4.0,38.0,0
524,2013,KO,0.9635084853504119,20.134021391752576,-6.711340463917519,26.0,61.0,22.0,18.0,73.0,2
525,2014,KO,-27.332322542048463,25.938270679012344,-1.5725076599151235,23.0,61.0,21.0,15.0,67.0,0
526,2015,KO,-4.212861685053363,25.31360857988166,5.8582922713440455,29.0,61.0,20.0,17.0,74.0,2
527,2014,KR,-23.728085552612313,8.854095563139932,1.6409590443685975,28.0,21.0,3.0,2.0,4.0,0
528,2015,KR,-13.041571920201223,10.622492908309455,0.5557840039526198,32.0,21.0,3.0,2.0,2.0,1
529,2016,KR,-21.441295675404028,18.13157918660287,-0.4519943668660286,30.0,22.0,3.0,2.0,2.0,0
530,2014,KSS,-10.939571178345442,14.424019240196078,-5.494240056038303,15.0,36.0,9.0,5.0,35.0,1
531,2015,KSS,10.940486183636109,12.76986004672897,2.6050514495327075,14.0,36.0,9.0,5.0,49.0,3
532,2016,KSS,-14.297800476143967,13.926724137931036,-0.7450797413793102,12.0,36.0,8.0,4.0,26.0,1
533,2014,KSU,2.389300608401902,26.99451787280702,0.6285584818558716,13.0,66.0,31.0,20.0,39.0,2
534,2015,KSU,17.83911853810432,22.193877551020407,-6.746938775510217,12.0,69.0,33.0,20.0,18.0,3
535,2014,LB,-12.294145024407086,23.759615705128205,1.1879807852564104,244.0,41.0,16.0,8.0,83.0,1
536,2016,LB,-1.3939214407951432,18.7046511627907,0.9147343102899016,484.0,43.0,18.0,10.0,136.0,2
537,2013,LEG,-16.05513165486259,21.60661801470588,-1.032316194035948,14.0,20.0,8.0,6.0,33.0,1
538,2014,LEG,-42.8862349683976,50.0,-1.0846463335496432,9.0,21.0,9.0,3.0,34.0,0
539,2015,LEG,6.177304276809205,18.411254761904765,0.07841830731922399,30.0,24.0,12.0,8.0,36.0,3
540,2014,LEN,1.7733642055874925,13.387820673076922,0.5187780510817308,13.0,19.0,12.0,8.0,74.4574898785425,2
541,2015,LEN,8.052687359698313,12.171835012919896,0.5063483365374677,14.0,18.0,11.0,8.0,74.4574898785425,3
542,2013,LH,-18.09522714417857,14.055817610062894,3.170367749825293,23.0,38.0,17.0,10.0,55.0,0
543,2013,LLL,-25.929953358344985,10.631034712643679,3.0830000666666804,13.0,10.0,10.0,7.0,20.0,0
544,2014,LLL,-19.126756245492007,15.068765681233932,-1.4249811024645143,13.0,9.0,9.0,6.0,17.0,0
545,2015,LLL,-19.72198615756436,-41.62457912457912,0.30124579124579126,6.0,9.0,5.0,2.0,7.0,0
546,2013,LLY,3.4521916122238734,11.677828868360278,0.6493580598012457,27.0,79.0,25.0,20.0,61.0,2
547,2014,LLY,-19.310504566497425,27.10986614349776,-0.5589796209587872,16.0,75.0,15.0,12.0,50.0,0
548,2015,LLY,-11.477313693094835,34.24889823788546,19.09376076762109,17.0,75.0,14.0,12.0,54.0,1
549,2014,LMT,-7.797970175380501,14.985101095530236,0.6566584395163952,106.0,12.0,13.0,9.0,13.0,2
550,2015,LMT,-13.703182739017095,17.714286058519797,9.624762091795812,116.0,11.0,12.0,9.0,8.0,1
551,2013,LNT,-11.781321656808267,7.394736919504643,0.6285526381578945,11.0,31.0,16.0,11.0,1.0,1
552,2014,LNT,-20.899810805486148,8.64378598265896,1.2138882053908029,11.0,31.0,16.0,12.0,5.0,0
553,2015,LNT,-6.409730620434983,9.675595312500002,-3.347755978124996,10.0,33.0,18.0,12.0,0.0,2
554,2014,LOW,-29.270745013253723,27.63784976635514,1.0379548023364484,19.0,35.0,8.0,4.0,6.0,0
555,2015,LOW,-5.600647730009664,26.837638191881915,1.0075885215899532,27.0,35.0,9.0,5.0,6.0,2
556,2016,LOW,-10.707238895830091,26.798534615384614,20.0,33.0,35.0,8.0,4.0,7.0,1
557,2014,LRCX,-8.476977675765628,17.500000260416666,0.0369873822538775,13.0,44.0,15.0,14.0,194.0,1
558,2015,LRCX,12.158105309868176,19.462287591240877,2.767969790754249,13.0,43.0,15.0,12.0,155.0,3
559,2016,LRCX,-16.202907199043192,16.14434747826087,0.404593098388123,16.0,44.0,18.0,16.0,282.0,1
560,2013,LUK,-6.053165099083763,24.39072336630841,-0.3517505146628775,4.0,21.0,4.0,4.0,93.0,2
561,2014,LUK,30.574769691638327,47.34259351851851,-0.9557844351851852,2.0,25.0,4.0,2.0,87.0,3
562,2015,LUK,20.65890517542656,26.72297364864865,0.7215202885135138,2.0,24.0,4.0,2.0,81.0,3
563,2014,LUV,-17.89745704089123,18.590909090909093,0.33400616332819744,17.0,59.0,12.0,6.0,50.0,1
564,2015,LUV,11.590289395087048,13.010605909090911,0.1301060590909091,30.0,70.0,21.0,11.0,41.0,3
565,2013,LVLT,-49.74256486256694,-50.0,0.7729251972789116,8.0,42.0,11.0,2.0,44.0,0
566,2014,LVLT,-8.729509220980146,33.61382235772357,-0.09576030787956133,5.0,44.0,15.0,5.0,31.0,1
567,2015,LVLT,0.5556431468550841,5.326467507723995,0.007725890370873247,34.0,48.0,16.0,42.0,61.0,2
568,2014,M,-15.152198448299796,15.104325826972008,0.7764567495427797,24.0,40.0,10.0,5.0,40.0,1
569,2015,M,40.56307477328421,11.813953720930234,1.2548334627906992,28.0,40.0,10.0,5.0,44.0,3
570,2016,M,9.853105558009046,10.860429754601228,-0.44903699946908915,25.0,39.0,8.0,4.0,19.0,3
571,2014,MA,16.280340613742016,27.479260016077173,1.3078092266910808,53.0,100.0,54.0,38.0,126.0,3
572,2015,MA,1.7144038938035082,27.51934523809524,3.4234065476190447,63.0,100.0,53.0,39.0,130.0,2
573,2013,MAA,5.9114478218260516,27.801761674008812,-2.4542244788090537,4.0,73.0,18.0,19.0,74.4574898785425,3
574,2014,MAA,-17.303733232007083,34.766497461928935,-2.6306649746192887,5.0,72.0,23.0,16.0,74.4574898785425,1
575,2015,MAA,-11.845101608017856,18.882086281179138,0.1524496310406676,12.0,73.0,28.0,34.0,74.4574898785425,1
576,2013,MAC,5.3301605687783935,19.70099700996678,0.9889900499003322,13.0,59.0,21.0,41.0,74.4574898785425,3
577,2015,MAC,-7.460434731261243,26.845779707792207,-0.38049709450339636,10.0,61.0,23.0,38.0,74.4574898785425,2
578,2014,MAR,-32.66543433645881,24.557691730769225,0.9153321463286703,34.0,14.0,8.0,5.0,3.0,0
579,2015,MAR,7.687125542803513,22.722048757763975,0.9528601091965536,24.0,15.0,9.0,6.0,3.0,3
580,2014,MAS,1.4268461837413637,8.798330404208334,0.04077275065364838,93.0,29.0,10.0,12.0,62.0,2
581,2015,MAS,-17.295437755474122,24.573335464174757,-0.43048178915342644,263.0,32.0,13.0,5.0,61.0,1
582,2013,MAT,-13.219059892002191,16.275861877394636,1.0172413673371652,28.0,54.0,18.0,14.0,99.0,1
583,2014,MAT,31.738933323927142,26.815068493150683,-0.6085854675402026,17.0,50.0,11.0,8.0,89.0,3
584,2015,MAT,10.770907445053066,27.11574074074074,-1.0418153021442498,14.0,49.0,9.0,6.0,54.0,3
585,2013,MCD,-12.095600699774174,16.66815733452594,5.009707287765855,35.0,39.0,31.0,20.0,88.0,1
586,2014,MCD,-7.473901910784054,19.645360618556705,-1.4840211602396203,37.0,38.0,29.0,17.0,76.0,2
587,2015,MCD,-21.700721504503893,22.09024865145228,-20.0,64.0,39.0,28.0,18.0,260.0,0
588,2014,MCK,-3.2344682143790244,33.700544918330316,-9.621505574183297,15.0,6.0,2.0,1.0,14.0,2
589,2015,MCK,21.878856787215533,31.992935400313975,2.0497799308805793,18.0,6.0,2.0,1.0,16.0,3
590,2016,MCK,-16.53224425377169,17.06008131364562,0.31499338541426836,25.0,6.0,2.0,1.0,12.0,1
591,2013,MCO,-37.47612104878129,17.67711130790191,0.9417633438175328,239.0,72.0,42.0,27.0,185.0,0
592,2014,MCO,-5.044439762014324,18.66204722814499,0.6714677777185498,526.0,72.0,43.0,30.0,140.0,2
593,2015,MCO,-11.269900060343161,20.99361744680851,20.0,167.0,72.0,42.0,27.0,183.0,1
594,2013,MDLZ,-46.77713111420733,13.812216968325792,0.46040723227752633,12.0,37.0,11.0,11.0,18.0,0
595,2014,MDLZ,1.1243121439614372,27.930231782945732,-0.6709327417425008,8.0,37.0,9.0,6.0,12.0,2
596,2015,MDLZ,-15.743350727592029,9.091313919821825,0.03664935923928173,26.0,39.0,30.0,25.0,17.0,1
597,2013,MET,-31.768654749165435,14.938775510204083,0.09193092621664055,5.0,44.0,6.0,5.0,74.4574898785425,0
598,2014,MET,12.551250679487401,9.920620346715326,0.11482922763520888,9.0,47.0,12.0,9.0,74.4574898785425,3
599,2015,MET,8.571865861614562,11.142082429501082,-0.7018231231455851,8.0,45.0,11.0,8.0,74.4574898785425,3
600,2013,MHK,-6.053530170514582,24.731482201646084,0.7298803283900426,8.0,26.0,7.0,5.0,4.0,2
601,2014,MHK,5.175719942889212,20.849314657534247,0.41527733293285435,12.0,28.0,10.0,7.0,5.0,3
602,2015,MHK,6.838077355176195,50.0,-1.0351076646664865,13.0,30.0,10.0,8.0,3.0,3
603,2013,MJN,-2.2010356092483554,23.459374999999998,2.8933229166666643,234.0,64.0,24.0,16.0,59.0,2
604,2014,MJN,-24.49997511450376,25.983098028169014,2.375597534004029,125.0,61.0,22.0,16.0,108.0,0
605,2015,MJN,6.223689587093694,27.397866463414637,-3.602312072041554,103.0,64.0,24.0,16.0,136.0,3
606,2014,MKC,-12.027571599507178,21.479229228486645,1.4685798588779235,24.0,41.0,14.0,10.0,7.0,1
607,2015,MKC,-23.696849881921015,25.58757882165605,-3.749136549086124,24.0,40.0,13.0,9.0,9.0,0
608,2013,MLM,22.39186725515735,37.9408393129771,0.8788827334525074,8.0,17.0,10.0,6.0,20.0,3
609,2014,MLM,-3.3434869910374005,38.6611728937729,9.208388452880476,4.0,18.0,11.0,5.0,27.0,2
610,2015,MLM,-25.979685662289803,28.832946751740142,0.4981895229889278,7.0,20.0,14.0,8.0,46.0,0
611,2013,MMC,-43.229954061126406,16.844129352226723,1.1736554645422483,17.0,100.0,17.0,11.0,74.4574898785425,0
612,2014,MMC,-13.95965880795573,19.72676524163569,2.214777733947281,21.0,100.0,18.0,11.0,74.4574898785425,1
613,2015,MMC,-9.522294610363605,18.847175913621264,1.5843407252387882,25.0,100.0,19.0,12.0,74.4574898785425,1
614,2014,MMM,-9.546275642173741,19.92463977719528,1.701066120978047,38.0,48.0,22.0,16.0,56.0,1
615,2015,MMM,-8.553507633998295,20.494818847150263,17.375051978195177,42.0,49.0,23.0,16.0,27.0,1
616,2013,MO,-10.600041317970316,15.58407057522124,1.6051592692477885,110.0,43.0,33.0,19.0,45.0,1
617,2014,MO,-22.828429604989854,17.22265625,1.2974401041666648,168.0,41.0,31.0,21.0,43.0,0
618,2015,MO,-15.296471448286418,20.189138014981275,4.698563028941097,182.0,44.0,33.0,21.0,33.0,1
619,2014,MON,-0.6022700170142221,22.473484848484848,1.6587572150072147,35.0,54.0,26.0,17.0,47.0,2
620,2015,MON,4.110934583787914,22.477319484536086,-2.760005741356986,33.0,55.0,23.0,15.0,72.0,3
621,2016,MON,15.96747873430566,33.55132483443709,-0.8892017783990157,29.0,52.0,18.0,10.0,26.0,3
622,2014,MOS,1.7931254908379193,17.36245353159851,-0.44051024960169927,10.0,21.0,14.0,11.0,149.0,2
623,2015,MOS,48.55902214442428,13.24731182795699,3.563526881720419,10.0,19.0,14.0,11.0,62.0,3
624,2013,MRK,-13.24506875019354,30.738256040268453,-1.1555307363286107,9.0,61.0,14.0,10.0,98.0,1
625,2014,MRK,-12.006459700503846,13.003640898058253,0.07367081725515892,25.0,60.0,13.0,28.0,85.0,1
626,2015,MRK,27.586112253866887,34.81645569620253,-0.5647393601116316,10.0,62.0,18.0,11.0,70.0,3
627,2013,MRO,-14.064027553093629,13.395582128514054,1.2002441587148598,9.0,81.0,20.0,15.0,6.0,1
628,2014,MRO,18.58888712206183,7.075892857142856,0.08853755384063172,14.0,79.0,11.0,28.0,55.0,3
629,2015,MRO,51.22575965581985,-6.194785122699387,0.035856120606838834,12.0,69.0,55.0,40.0,71.0,3
630,2014,MSFT,-10.33249891848347,15.804510902255636,8.249954690977372,25.0,69.0,32.0,25.0,188.0,1
631,2015,MSFT,-31.977693772823503,34.463087583892616,-0.7835197690013194,15.0,65.0,19.0,13.0,194.0,0
632,2016,MSFT,-15.082355713715694,27.66037712264151,0.6541898716307275,23.0,62.0,24.0,20.0,191.0,1
633,2013,MTB,-12.245547635394018,13.113801452784504,1.4387170579359234,10.0,0.0,0.0,24.0,74.4574898785425,1
634,2014,MTB,-11.729827649998235,16.343373360107098,-1.7088134677782865,9.0,0.0,0.0,23.0,74.4574898785425,1
635,2015,MTB,-0.6430308001085543,17.189750761772856,-5.136297527617733,7.0,0.0,0.0,22.0,74.4574898785425,2
636,2014,MTD,-8.596272196789858,23.328778181041844,1.6001349866459564,47.0,55.0,19.0,14.0,13.0,1
637,2015,MTD,-2.7247798850776297,25.322352980392157,2.851199551926851,61.0,56.0,20.0,15.0,18.0,2
638,2014,MU,11.254130551253988,9.952961846689895,0.06751716808280862,28.0,33.0,19.0,19.0,95.0,3
639,2015,MU,67.45029920202941,9.103321402214025,-1.632908276522138,24.0,32.0,19.0,18.0,90.0,3
640,2016,MU,8.721518610411591,-50.0,0.6092953020134229,2.0,20.0,1.0,2.0,91.0,3
641,2013,MUR,-16.583143713752666,9.747587126488293,0.5034578505536731,13.0,76.0,28.0,21.0,35.0,1
642,2014,MUR,-6.56350505368033,11.32213418972332,-0.7359387223320152,11.0,79.0,23.0,17.0,53.0,2
643,2014,NBL,8.643883562045373,17.077381398809525,0.7257887094494053,12.0,82.0,18.0,24.0,47.0,3
644,2013,NDAQ,-49.69858979362203,14.21086934782609,1.4143198541407873,6.0,58.0,19.0,12.0,74.4574898785425,0
645,2014,NDAQ,-21.364183175742614,18.116326530612245,2.777836734693875,7.0,58.0,19.0,12.0,74.4574898785425,0
646,2015,NDAQ,-25.786044776128687,20.896484570312502,4.654217017933252,8.0,60.0,18.0,13.0,74.4574898785425,0
647,2013,NEE,-11.209231205085942,17.25555511111111,-8.800333106666697,11.0,46.0,21.0,13.0,5.0,1
648,2014,NEE,-21.57740580436394,17.040564109347443,0.6554063118979786,12.0,49.0,26.0,14.0,6.0,0
649,2015,NEE,-3.470845348323888,17.310965711947627,2.2307539906077967,12.0,51.0,26.0,16.0,6.0,2
650,2013,NEM,61.57556876350708,-7.09412955465587,0.030143856664137277,25.0,37.0,43.0,30.0,60.0,3
651,2014,NEM,21.828385900560274,20.897058333333334,-0.17320716135346756,5.0,39.0,10.0,7.0,113.0,3
652,2015,NEM,5.97170777023668,42.2906965116279,-0.7311272956247536,2.0,44.0,15.0,3.0,198.0,3
653,2014,NFLX,4.4100070261477775,11.422779761903152,0.08783252964331904,14.0,32.0,7.0,5.0,60.0,3
654,2015,NFLX,-34.895185034710906,50.0,-3.050289726416734,6.0,32.0,5.0,2.0,65.0,0
655,2013,NFX,28.67603802864174,27.313830319148938,-0.2467779330682861,5.0,78.0,24.0,8.0,14.0,3
656,2014,NFX,-15.010197352112897,3.911229210925645,0.006507177802247977,23.0,79.0,25.0,39.0,1.0,1
657,2013,NOV,-1.3810176074007532,12.289559035796703,-1.8004203987442164,10.0,27.0,17.0,12.0,51.0,2
658,2014,NOV,-0.8656417428953485,11.747523662803419,1.6446533127924794,12.0,27.0,17.0,12.0,48.0,2
659,2015,NOV,24.66466349207166,-24.753768844221106,0.18470605578914984,5.0,21.0,3.0,5.0,49.0,3
660,2014,NSC,-7.184844913478612,15.804348214285712,2.8354860031512503,16.0,64.0,31.0,17.0,55.0,2
661,2015,NSC,-8.943594864186277,18.992202826510724,-0.9336624900971681,13.0,65.0,27.0,15.0,49.0,1
662,2014,NTAP,-13.628812383411905,22.07753983957219,0.6576288462851289,17.0,62.0,12.0,10.0,186.0,1
663,2015,NTAP,-4.340850347815426,19.350282485875706,-3.6185028248587576,16.0,63.0,12.0,9.0,197.0,2
664,2016,NTAP,-57.356705269193384,39.743589743589745,-0.7105672105672105,8.0,61.0,6.0,4.0,145.0,0
665,2013,NTRS,-33.292461859202945,18.712624916943522,2.777347487672673,9.0,0.0,0.0,17.0,74.4574898785425,0
666,2014,NTRS,-14.865572884169913,19.479041766467066,1.7767247186989668,10.0,0.0,0.0,18.0,74.4574898785425,1
667,2015,NTRS,-1.3491862312024576,17.398263399503723,0.8421768080339483,11.0,0.0,0.0,20.0,74.4574898785425,2
668,2013,NUE,-17.642662347631468,32.10197368421053,-8.453519736842109,6.0,7.0,5.0,3.0,77.0,1
669,2014,NUE,18.38020256854825,23.12837905405405,0.5022162308880306,9.0,9.0,6.0,3.0,54.0,3
670,2015,NUE,-1.5362736507434014,40.35135045045044,-0.8070270090090088,5.0,10.0,5.0,2.0,147.0,2
671,2016,NVDA,-58.466898807467665,50.0,-20.0,14.0,56.0,15.0,12.0,214.0,0
672,2013,NWL,-24.420479050450208,16.78353567073171,0.8908184317542217,23.0,38.0,11.0,8.0,14.0,0
673,2014,NWL,-9.67449258424621,25.890512043795614,-1.572608879697216,20.0,38.0,11.0,7.0,11.0,1
674,2015,NWL,-15.512754906281835,31.453847307692303,-6.155967258791202,19.0,39.0,10.0,6.0,14.0,1
675,2013,OKE,-33.62488268216027,35.52575642813953,-1.3515233423748738,11.0,14.0,7.0,2.0,5.0,0
676,2014,OKE,6.372610992354728,34.760845111133335,2.135309056826761,53.0,17.0,9.0,3.0,7.0,3
677,2015,OKE,48.861808767711786,31.521368803418806,-1.4327894910644907,73.0,27.0,13.0,3.0,6.0,3
678,2014,OMC,7.273293396870646,17.854800468384077,1.2333038101309755,39.0,18.0,13.0,7.0,20.0,3
679,2015,OMC,2.0743080099641906,17.25733656884876,4.605551696811508,45.0,17.0,13.0,7.0,18.0,2
680,2013,ORLY,-28.651374110669224,17.857492589576548,0.6584098412798075,34.0,51.0,17.0,10.0,10.0,0
681,2014,ORLY,-16.82689755939709,21.676943565683644,1.008306314343163,39.0,51.0,18.0,11.0,9.0,1
682,2015,ORLY,-6.098175188110758,24.077789592274677,0.9657005933245653,47.0,52.0,19.0,12.0,4.0,2
683,2013,OXY,-2.481186231099104,11.343492090723057,0.3874554226168657,14.0,68.0,33.0,29.0,40.0,2
684,2014,OXY,9.651559047170428,50.0,-1.2153574313346174,2.0,65.0,7.0,3.0,95.0,3
685,2014,PAYX,4.6724110658110005,26.764534883720927,2.609542151162794,35.0,100.0,39.0,25.0,107.0,3
686,2015,PAYX,-17.588289523008704,26.83064569892473,3.2963364715821752,38.0,100.0,38.0,25.0,105.0,1
687,2016,PAYX,-31.94814751140263,26.96666619047619,2.0899166297619067,40.0,100.0,39.0,26.0,100.0,0
688,2013,PBCT,-17.525910963850603,18.37837837837838,6.616216216216187,5.0,0.0,0.0,17.0,74.4574898785425,1
689,2014,PBCT,-3.84371811328045,18.101190476190478,1.3394880952380959,5.0,0.0,0.0,18.0,74.4574898785425,2
690,2015,PBCT,-8.572659546290634,18.296511627906977,7.684534883720958,5.0,0.0,0.0,18.0,74.4574898785425,1
691,2013,PBI,-77.30347577124176,24.176056338028168,-0.35543606006902334,70.0,56.0,14.0,4.0,42.0,0
692,2014,PBI,2.6524324371646464,14.554545151515153,0.10993326656995488,432.0,56.0,15.0,9.0,48.0,2
693,2015,PBI,-6.194376006457847,11.105391911764707,0.4698435039592757,228.0,56.0,17.0,11.0,34.0,2
694,2013,PCAR,-35.82382273500407,15.916918882175226,2.7677753389560213,18.0,17.0,8.0,7.0,99.0,0
695,2014,PCAR,2.520961623056577,16.744125195822452,1.0658279691956214,20.0,16.0,9.0,7.0,99.0,2
696,2015,PCAR,16.885166616939653,12.831858407079647,0.7122611260741315,23.0,18.0,11.0,9.0,110.0,3
697,2014,PCG,-34.77456386096591,15.431596091205213,0.22774049070085117,9.0,29.0,14.0,8.0,8.0,0
698,2015,PCG,-0.7163222380817296,29.643646961325967,-0.722269810883101,5.0,24.0,9.0,5.0,6.0,2
699,2015,PCLN,8.412643434664423,24.25214569774406,2.962729144605665,29.0,93.0,35.0,28.0,184.0,3
700,2014,PDCO,-6.463966507497547,22.59045226130653,-9.216904522613056,14.0,28.0,8.0,6.0,56.0,2
701,2015,PDCO,-5.6826700351247315,20.703539380530977,1.5259275321206185,15.0,27.0,8.0,6.0,69.0,2
702,2016,PDCO,-23.875215224496245,22.189118393782387,-1.5196184112105524,13.0,25.0,6.0,3.0,17.0,0
703,2013,PEG,2.079640305271076,12.798780487804878,-5.375487804878043,11.0,36.0,23.0,12.0,16.0,2
704,2014,PEG,-20.21902770322548,12.444999666666668,0.5669388737037038,12.0,35.0,24.0,14.0,12.0,0
705,2015,PEG,3.7607859209133743,12.109939759036145,1.1353068524096384,13.0,40.0,28.0,16.0,11.0,2
706,2014,PEP,-14.429279217670347,20.71925730858469,-15.090525739752444,37.0,53.0,14.0,10.0,48.0,1
707,2015,PEP,-5.542222127311302,26.342317924528302,-1.8922565042452837,45.0,54.0,13.0,9.0,68.0,2
708,2013,PFE,-21.14467237856874,8.691950773993808,0.1341434922600619,29.0,81.0,29.0,43.0,139.0,0
709,2014,PFE,16.781224764873386,21.406249652777777,-0.3862691976450962,13.0,81.0,27.0,18.0,167.0,3
710,2015,PFE,0.2011535631743399,28.20354026548673,-1.3100999349129319,11.0,80.0,24.0,14.0,79.0,2
711,2014,PFG,4.405630943055716,13.795945945945945,0.5809842025123714,11.0,50.0,14.0,11.0,74.4574898785425,3
712,2015,PFG,6.002690788557214,11.877128588807786,1.0718384336241173,13.0,44.0,12.0,10.0,74.4574898785425,3
713,2013,PGR,-17.617038336889863,12.48205153846154,0.41606838461538465,19.0,10.0,9.0,6.0,74.4574898785425,1
714,2014,PGR,2.978428771392042,12.56912465437788,1.1140815034562208,18.0,11.0,10.0,7.0,74.4574898785425,2
715,2015,PGR,-21.345198104647316,13.710647916666668,-20.0,17.0,10.0,9.0,6.0,74.4574898785425,0
716,2014,PH,14.966733274334016,18.549427793696275,1.9028122704501322,16.0,23.0,9.0,8.0,67.0,3
717,2015,PH,-5.344177227858553,16.031073940677963,11.189689610593241,20.0,24.0,12.0,8.0,81.0,2
718,2016,PH,-31.162263686971528,19.918624161073826,-1.2591415987535957,18.0,22.0,10.0,7.0,89.0,0
719,2014,PHM,10.071691966954164,16.401574803149604,-0.20175125527787285,10.0,27.0,12.0,8.0,74.4574898785425,3
720,2015,PHM,4.667844876650868,14.307971014492752,1.6519202898550753,10.0,27.0,14.0,8.0,74.4574898785425,3
721,2013,PKI,-25.784901884792617,24.76510033557047,0.17166717278065896,8.0,45.0,11.0,8.0,29.0,0
722,2014,PKI,0.4288820175127178,30.46071464285714,-5.042940535317458,8.0,45.0,9.0,7.0,29.0,2
723,2014,PM,-1.994957225311328,17.828781827731095,-1.8755878482773105,59.0,24.0,15.0,9.0,11.0,2
724,2015,PM,-11.570713753495994,19.239819117647055,-2.693574676470589,52.0,24.0,14.0,9.0,22.0,1
725,2013,PNC,-22.422228200896534,9.161096189839572,0.23162016781858547,10.0,0.0,0.0,25.0,74.4574898785425,0
726,2014,PNC,-10.508318721810202,11.334004973118278,-20.0,9.0,0.0,0.0,26.0,74.4574898785425,1
727,2015,PNC,-14.213812376310713,12.457446343085108,11.58542509906916,9.0,0.0,0.0,25.0,74.4574898785425,1
728,2013,PNR,-37.84747725812466,23.923221535580527,-0.05725215410224399,9.0,34.0,11.0,8.0,16.0,0
729,2014,PNR,23.105545962230437,50.0,-1.1075390376106196,5.0,35.0,12.0,3.0,7.0,3
730,2015,PNR,7.1014223233804055,-50.0,1.0110983102918587,2.0,34.0,3.0,1.0,8.0,3
731,2013,PNW,5.510259224004708,14.20325189701897,2.3536817429345738,10.0,42.0,24.0,12.0,1.0,3
732,2014,PNW,-21.19189505333407,17.091922144846798,-6.30691927144846,9.0,40.0,23.0,11.0,0.0,0
733,2015,PNW,-7.064556587048663,16.958122461928937,1.7394188468092808,10.0,44.0,24.0,13.0,3.0,2
734,2014,PPG,-12.892041134612166,6.936677631578948,-0.21321056894880447,41.0,44.0,10.0,14.0,24.0,1
735,2015,PPG,4.0211243810753325,20.748551544401547,-0.31474848650189974,28.0,44.0,12.0,10.0,31.0,3
736,2013,PPL,1.835954142538333,15.929729999999998,-0.5470604644736843,9.0,76.0,35.0,16.0,24.0,2
737,2014,PPL,-9.411331582450824,12.765151325757577,0.29893075889432297,13.0,76.0,37.0,22.0,20.0,1
738,2015,PPL,-4.640691864662857,35.08415792079208,-0.568234214177246,7.0,78.0,37.0,9.0,22.0,2
739,2013,PRU,-38.98311700980469,-47.27742,-0.21208562242990653,2.0,35.0,4.0,2.0,74.4574898785425,0
740,2014,PRU,2.6413893267725053,-34.11524182156134,-0.46384758617035166,3.0,38.0,3.0,3.0,74.4574898785425,2
741,2015,PRU,7.704081128531645,6.982215238480194,-0.012471553115213627,13.0,43.0,14.0,10.0,74.4574898785425,3
742,2014,PVH,6.741445598490658,50.0,-1.057937639773474,3.0,52.0,7.0,2.0,38.0,3
743,2015,PVH,55.90398052969759,18.936210131332082,0.09414913464173535,10.0,53.0,7.0,5.0,34.0,3
744,2016,PVH,-3.626483330874983,11.761870359712232,0.3869800556621371,13.0,52.0,9.0,7.0,36.0,2
745,2013,PWR,5.317800869755161,15.820855614973262,0.5298146996642208,10.0,15.0,7.0,7.0,47.0,3
746,2014,PWR,25.529815857517573,22.218519259259256,-0.7990121349002848,7.0,15.0,6.0,4.0,17.0,3
747,2015,PWR,-10.230114242768158,15.399371069182388,0.8662146226415092,10.0,12.0,3.0,4.0,11.0,1
748,2013,PX,-10.384548082808854,20.31818215488215,4.266818252525247,27.0,43.0,22.0,15.0,5.0,1
749,2014,PX,-0.341514147966848,22.51036252158894,-8.914103558549202,30.0,43.0,21.0,14.0,5.0,2
750,2015,PX,5.101156424566012,21.56215231910946,-3.1211215481910903,35.0,45.0,22.0,14.0,8.0,3
751,2014,QCOM,-11.678684252679753,15.73150105708245,0.8482255299697155,20.0,60.0,29.0,30.0,292.0,1
752,2015,QCOM,12.482235192302985,19.105828680981595,-0.6147657800070947,17.0,59.0,23.0,21.0,284.0,3
753,2016,QCOM,-27.089566256728197,15.062500000000002,0.8466163793103445,18.0,59.0,28.0,24.0,255.0,0
754,2014,R,-9.510872539334185,20.12077282608696,-2.138417018958541,12.0,21.0,5.0,3.0,5.0,1
755,2015,R,31.971191199037253,12.990434782608695,0.33403975155279486,15.0,23.0,8.0,5.0,4.0,3
756,2013,RCL,-23.239286790473514,19.006944444444446,0.007310363247863248,5.0,33.0,10.0,6.0,9.0,0
757,2014,RCL,-64.66229198025175,18.834782463768118,0.3153731017189081,9.0,34.0,12.0,9.0,5.0,0
758,2015,RCL,-30.276418740971053,30.584159075907596,-2.512270209806694,8.0,39.0,11.0,8.0,9.0,0
759,2014,REGN,-6.640533866140427,50.0,-4.93630353910039,13.0,93.0,29.0,12.0,138.0,2
760,2015,REGN,-6.331456328080003,50.0,0.9896592732182266,17.0,90.0,31.0,15.0,129.0,2
761,2014,RHI,-11.487962440144345,22.052631798245617,0.948776019226847,31.0,41.0,11.0,7.0,46.0,1
762,2015,RHI,4.862886107242651,19.55147077205882,1.0131216672794108,36.0,42.0,11.0,7.0,34.0,3
763,2014,RHT,3.642776921981859,50.0,3.2538031914893626,11.0,85.0,15.0,12.0,86.0,2
764,2015,RHT,-11.25889369872554,50.0,20.0,14.0,85.0,14.0,10.0,95.0,1
765,2016,RHT,-5.287584752006753,50.0,5.616804392584097,15.0,85.0,14.0,10.0,78.0,2
766,2014,RL,-4.335960621845157,21.160819064327484,5.109715427003794,19.0,58.0,15.0,10.0,132.0,2
767,2015,RL,41.60957825320083,18.743718216080403,-2.7162506906353796,18.0,57.0,14.0,9.0,96.0,3
768,2016,RL,-9.096488928634765,21.584946021505377,-0.5190820855926973,11.0,57.0,8.0,5.0,91.0,1
769,2014,ROK,9.374483562457362,19.25334489966555,1.9008302328215247,31.0,42.0,18.0,12.0,108.0,3
770,2015,ROK,-7.56057407085299,17.533333577235773,6.167607928933505,37.0,43.0,19.0,13.0,162.0,2
771,2016,ROK,-40.211409754717415,21.093749285714285,-2.3586646928571384,37.0,42.0,17.0,12.0,123.0,0
772,2013,ROP,-26.954318230452717,23.25690681399632,2.3983685151933716,13.0,58.0,26.0,17.0,71.0,0
773,2014,ROP,4.523100550382477,22.97758902627512,1.1996952731987875,14.0,59.0,28.0,18.0,97.0,3
774,2015,ROP,-26.86293175062466,25.052746459537573,3.602028213182404,13.0,60.0,29.0,19.0,108.0,0
775,2014,ROST,4.804348774437321,10.735369083969465,1.1335286768073625,42.0,28.0,13.0,8.0,31.0,3
776,2015,ROST,-10.724687979720898,11.393735682326621,0.8292107635471053,41.0,28.0,13.0,8.0,42.0,1
777,2016,ROST,-24.48671060374416,23.65415059288538,-0.545020892526792,41.0,28.0,14.0,9.0,48.0,0
778,2013,RRC,-14.465624352602333,50.0,0.1320903196959535,5.0,72.0,17.0,6.0,0.0,1
779,2014,RRC,41.685757474092455,17.88451430446194,0.04096130695538057,18.0,70.0,27.0,31.0,0.0,3
780,2014,RSG,-13.319166334509113,24.038961363636364,-4.3537230025252605,7.0,36.0,14.0,6.0,4.0,1
781,2015,RSG,-14.148942703765908,19.787382710280372,0.5078761562305294,10.0,39.0,17.0,8.0,2.0,1
782,2014,SBUX,17.05036101076148,14.56909109090909,0.0005317186529528865,39.0,58.0,19.0,13.0,61.0,3
783,2015,SBUX,-7.562512577007762,27.639945788043477,-0.8352730870013138,47.0,59.0,19.0,14.0,44.0,2
784,2016,SBUX,-14.307858070498005,30.117800785340314,7.916679063575202,48.0,60.0,20.0,13.0,50.0,1
785,2013,SCG,-2.1616488870425896,13.722059117647058,2.1955294588235295,10.0,34.0,20.0,10.0,9.0,2
786,2014,SCG,-24.44562345687119,14.381266226912928,1.2537514146539472,11.0,33.0,20.0,11.0,6.0,0
787,2015,SCG,-11.61308441449442,11.698275957854406,0.3100452159459316,14.0,38.0,30.0,17.0,9.0,1
788,2013,SCHW,-49.43740347755046,25.87820576923077,1.9839957756410238,10.0,100.0,31.0,20.0,74.4574898785425,0
789,2014,SCHW,-8.496404181311506,29.416666666666668,1.274722222222223,11.0,100.0,35.0,22.0,74.4574898785425,1
790,2015,SCHW,-9.738980499325852,30.475961538461537,3.657115384615378,11.0,100.0,36.0,23.0,74.4574898785425,1
791,2013,SE,-12.660595297201889,20.36129,2.6654779636363575,12.0,51.0,30.0,19.0,5.0,1
792,2014,SE,-12.220434432833503,22.40372795031056,5.78762972049688,13.0,53.0,33.0,18.0,6.0,1
793,2015,SE,31.460448527732396,50.0,-1.261755443834901,3.0,55.0,27.0,4.0,6.0,3
794,2014,SEE,9.410876843552986,31.57786844262295,0.34844544488411533,13.0,35.0,8.0,2.0,17.0,3
795,2015,SEE,-3.1947927206897875,26.88957055214724,0.8001286847224299,43.0,37.0,11.0,3.0,19.0,2
796,2013,SHW,-38.94863830477118,22.850877800269902,1.1153404640607931,42.0,45.0,11.0,7.0,29.0,0
797,2014,SHW,-23.49807345879152,24.972067039106147,1.20157803090764,87.0,46.0,12.0,8.0,2.0,0
798,2015,SHW,1.2140731460150118,23.0048329086116,0.8472973437533899,121.0,49.0,14.0,9.0,10.0,2
799,2014,SIG,-27.64380144926342,22.91285446623094,4.551326091701342,14.0,38.0,14.0,9.0,27.0,0
800,2014,SJM,-6.53362212756676,19.038745110701107,2.266517275083463,11.0,36.0,16.0,10.0,17.0,2
801,2015,SJM,-15.251944628998084,33.76126096096096,-0.875531265112002,5.0,35.0,14.0,6.0,12.0,1
802,2016,SJM,-19.813416448049743,21.753899480069325,0.29688723470750356,10.0,38.0,15.0,9.0,9.0,0
803,2013,SLG,-19.19753620215001,50.0,-2.8129005585407243,2.0,65.0,31.0,10.0,74.4574898785425,0
804,2014,SLG,-23.051534744134557,50.0,3.54222454322034,7.0,67.0,32.0,34.0,74.4574898785425,0
805,2015,SLG,0.6347279797856933,50.0,1.57185360499316,4.0,68.0,24.0,17.0,74.4574898785425,2
806,2013,SNI,-29.12426045550703,21.120991253644313,-0.901162293488824,24.0,72.0,38.0,20.0,246.0,0
807,2014,SNI,9.193706817660185,21.03367836787565,1.6778027163212434,39.0,71.0,37.0,20.0,76.0,3
808,2015,SNI,30.747747337237428,13.983974358974358,0.6582700125078177,40.0,67.0,37.0,20.0,23.0,3
809,2013,SO,4.457710757075274,22.441489627659575,-0.7389270974961077,9.0,43.0,19.0,10.0,12.0,3
810,2014,SO,-20.292637192644385,20.794521004566214,1.2610870802769178,10.0,40.0,20.0,11.0,8.0,0
811,2015,SO,-0.7276638186037373,18.542307499999996,0.9904305713414623,11.0,44.0,24.0,14.0,15.0,2
812,2013,SPG,13.837730983199133,34.791615932193395,-3.421175566665686,27.0,82.0,48.0,34.0,74.4574898785425,3
813,2014,SPG,-19.569021247540768,36.4544702675885,5.520248354806268,32.0,82.0,49.0,34.0,74.4574898785425,0
814,2015,SPG,1.819385183982392,32.178571258503396,1.0694642800620247,48.0,82.0,51.0,41.0,74.4574898785425,2
815,2014,SPGI,-10.198143812312136,-50.0,1.8426677409892134,24.0,100.0,2.0,2.0,64.0,1
816,2015,SPGI,-0.22301584907558525,22.21126737089202,-0.019933188666185146,596.0,100.0,36.0,22.0,51.0,2
817,2014,SPLS,-8.647123283833256,17.857895263157893,-0.04393609152046783,10.0,26.0,5.0,3.0,15.0,1
818,2015,SPLS,50.00401083117616,50.0,-0.8442406692406692,3.0,26.0,1.0,1.0,19.0,3
819,2016,SPLS,2.83575198779873,15.711864406779661,0.08682872435325603,7.0,26.0,3.0,2.0,25.0,2
820,2013,SRCL,-18.91510028388792,29.17817679558011,1.9087390653775327,18.0,45.0,25.0,15.0,16.0,0
821,2014,SRCL,1.1210393700588974,32.35937552083333,5.324588153882579,17.0,43.0,22.0,13.0,5.0,2
822,2015,SRCL,-18.697130272349412,41.93542947019868,-1.9638054776288163,10.0,42.0,16.0,9.0,9.0,0
823,2013,SRE,-20.40794088185092,19.715854268292684,1.2997859480578156,9.0,32.0,16.0,10.0,21.0,0
824,2014,SRE,-23.108017775716686,21.5052968220339,1.4221244672635307,10.0,30.0,16.0,11.0,11.0,0
825,2015,SRE,8.245342717015417,18.991712707182323,1.262547661660572,11.0,35.0,19.0,13.0,9.0,3
826,2013,STI,-11.25579600073565,13.541152263374485,-0.41192412767576164,6.0,0.0,0.0,16.0,74.4574898785425,1
827,2014,STI,5.239841666274067,12.20398773006135,0.357297472096977,8.0,0.0,0.0,20.0,74.4574898785425,3
828,2015,STI,5.58173813419055,11.769337430939226,1.0657788895794962,8.0,0.0,0.0,23.0,74.4574898785425,3
829,2014,STT,-9.17244151048461,16.435483655913977,-12.901854669892588,9.0,0.0,0.0,19.0,74.4574898785425,1
830,2015,STT,-8.296860379950349,16.036423951434877,-6.214114281180999,9.0,0.0,0.0,18.0,74.4574898785425,1
831,2014,STX,-3.710889101574288,13.25107296137339,-2.124446213484703,55.0,28.0,13.0,11.0,111.0,2
832,2015,STX,22.045465799948236,9.635687360594794,0.6236430986162741,58.0,28.0,15.0,13.0,106.0,3
833,2016,STX,-5.98554170563045,44.70481867469879,-0.5285976361975374,16.0,23.0,4.0,2.0,50.0,2
834,2014,SWKS,-24.12604592245596,20.805328278688524,0.3207488109631147,18.0,45.0,25.0,20.0,271.0,0
835,2015,SWKS,5.704120212155857,18.112826840855107,0.24969094628071442,25.0,48.0,31.0,24.0,225.0,3
836,2013,SWN,-13.375780306160427,18.266169402985078,-0.09178297992093987,19.0,90.0,36.0,21.0,3.0,1
837,2014,SWN,17.424661437334038,12.600760456273765,0.40850852446952024,20.0,89.0,34.0,23.0,1.0,3
838,2014,SYK,-5.218498813128756,50.0,-1.2871210858597282,6.0,66.0,13.0,5.0,112.0,2
839,2015,SYK,-2.679378225112049,24.65052277486911,0.1362793129017154,17.0,66.0,19.0,14.0,116.0,2
840,2014,SYMC,-22.696585926971903,19.1937988372093,1.0460620366279068,15.0,81.0,3.0,21.0,95.0,0
841,2015,SYMC,4.6968133786769535,18.492126377952754,-11.927421513779505,15.0,82.0,4.0,22.0,87.0,3
842,2014,SYY,-5.85116268738873,24.21383647798742,-4.519916142557659,18.0,18.0,3.0,2.0,9.0,2
843,2015,SYY,-15.070495631205507,34.96551681034483,-1.2929109704290296,13.0,18.0,3.0,1.0,55.0,1
844,2016,SYY,-27.052168502088673,29.05120391566265,0.6739879308433734,27.0,18.0,4.0,2.0,88.0,0
845,2013,T,2.3967523511911684,10.259586578171092,0.059927491694924596,20.0,60.0,24.0,14.0,10.0,2
846,2014,T,13.691132003731198,29.084034453781516,-0.4481585309014515,7.0,55.0,9.0,5.0,23.0,3
847,2015,T,4.640733323054209,14.377637341772152,0.14499481726024455,11.0,54.0,17.0,9.0,11.0,3
848,2014,TAP,-13.995974622898855,23.5989214028777,-2.286145510903776,7.0,40.0,18.0,12.0,27.0,1
849,2015,TAP,-5.441739935572161,43.51546288659794,-1.4401546050564555,5.0,39.0,15.0,10.0,35.0,2
850,2013,TDC,0.41977825301532135,23.36580108225108,-3.2322691497113993,20.0,55.0,20.0,14.0,90.0,2
851,2014,TDC,8.493381929289177,19.061440889830507,8.806385691101767,21.0,54.0,18.0,13.0,84.0,3
852,2015,TDC,-12.721811060908719,-23.08496764705883,0.1400527600181461,25.0,50.0,8.0,8.0,88.0,1
853,2014,TEL,-9.437067845856737,13.74654366359447,0.32501517964312504,20.0,33.0,15.0,15.0,62.0,1
854,2015,TEL,-12.87414645013381,10.773411204013376,0.2851012477159636,25.0,33.0,14.0,20.0,93.0,1
855,2016,TEL,-7.1128226431856065,12.180327686703098,-1.4864971340098874,24.0,33.0,16.0,16.0,21.0,2
856,2013,TGNA,-26.708652176352594,14.161765294117648,-1.9935408067873284,14.0,59.0,19.0,24.0,47.0,0
857,2014,TGT,-10.487956033197586,22.416128387096773,-0.6968823587008997,12.0,30.0,7.0,3.0,5.0,1
858,2015,TGT,8.090671259868476,-28.937984496124027,0.1579361829894093,12.0,29.0,6.0,2.0,19.0,3
859,2016,TGT,-16.664840106203386,13.509345327102805,-0.0439522206102462,26.0,30.0,7.0,5.0,32.0,1
860,2014,TIF,-0.3057406427657703,50.0,-1.2420460334696348,7.0,58.0,8.0,5.0,53.0,2
861,2015,TIF,27.864500379254842,24.47866613333333,0.14918328716452073,17.0,60.0,21.0,11.0,111.0,3
862,2016,TIF,-8.10730073512975,21.329639889196677,-5.713296398891968,16.0,61.0,19.0,11.0,121.0,1
863,2014,TJX,-1.9378647350206593,22.030000166666667,1.4319500108333343,51.0,29.0,12.0,8.0,69.0,2
864,2015,TJX,4.8369178411868505,21.821875625,3.273281343750001,52.0,29.0,12.0,8.0,71.0,3
865,2016,TJX,-10.72020237948405,21.57248535502959,3.8351085075608218,53.0,29.0,12.0,7.0,56.0,1
866,2013,TMK,-37.90992408566085,7.5613419560243065,1.479862639964762,14.0,47.0,22.0,15.0,74.4574898785425,0
867,2014,TMK,-3.4354804565933046,12.931325020084335,-0.4626362243210297,12.0,47.0,22.0,15.0,74.4574898785425,2
868,2015,TMK,-18.56490210600614,13.302850118764844,9.20113799881235,13.0,46.0,20.0,14.0,74.4574898785425,0
869,2013,TMO,-40.10487814756332,24.886686260623232,2.780443568428252,8.0,42.0,12.0,10.0,187.0,0
870,2014,TMO,2.028069718575698,24.99159716386555,0.7172385202312632,9.0,44.0,15.0,11.0,25.0,2
871,2015,TMO,-16.524669824905594,27.043347177419353,6.436316628225795,9.0,46.0,14.0,12.0,11.0,1
872,2014,TRV,-12.449500550972829,9.134011275415897,0.9171292954091063,15.0,49.0,19.0,14.0,74.4574898785425,1
873,2015,TRV,-10.509284550004208,10.027752684258417,6.382369649627968,15.0,49.0,18.0,13.0,74.4574898785425,1
874,2013,TSCO,-34.97268259110096,25.98510659574468,-0.656377043230174,26.0,34.0,10.0,6.0,27.0,0
875,2014,TSCO,-0.1653399378402356,28.934943866171004,1.9999152378088785,29.0,34.0,10.0,6.0,8.0,2
876,2015,TSCO,1.7550755334344277,27.191420132013207,2.15132118103281,29.0,34.0,10.0,7.0,10.0,2
877,2013,TSO,-21.5904092096618,16.677049016393443,-0.3898625932341098,10.0,9.0,2.0,1.0,36.0,0
878,2014,TSO,-27.8178264159164,10.165396265243901,0.08833179090881453,19.0,12.0,4.0,2.0,29.0,0
879,2015,TSO,-56.63428350191609,7.133600159999999,0.07878184688484847,30.0,22.0,10.0,5.0,37.0,0
880,2014,TSS,-16.501800350219845,19.479768208092484,0.5889232248958194,19.0,32.0,18.0,13.0,98.0,1
881,2015,TSS,-29.852236194272425,21.280303282828285,1.4725969871717175,20.0,33.0,19.0,13.0,115.0,0
882,2013,TXN,-39.32307593724369,19.4819587628866,0.7270096806638171,20.0,52.0,23.0,18.0,139.0,0
883,2014,TXN,-17.955578225727795,18.70498084291188,0.5416069079887919,27.0,57.0,30.0,22.0,133.0,1
884,2015,TXN,-6.274085907054136,19.162587412587413,2.0005741258741274,30.0,58.0,33.0,23.0,126.0,2
885,2013,TXT,-53.05545699889879,17.3876404494382,-1.141063904494382,11.0,16.0,7.0,4.0,40.0,0
886,2016,TXT,-37.1434956889526,17.861111111111114,1.0378753753753753,14.0,18.0,8.0,5.0,27.0,0
887,2013,UAL,-34.93978670486149,18.676829268292682,-0.1065850466096284,19.0,55.0,3.0,1.0,43.0,0
888,2014,UAL,-19.310539275579313,17.10000032786885,0.19889362083478662,47.0,57.0,6.0,3.0,44.0,0
889,2015,UAL,38.88309368762566,3.201075768442623,0.005927918089708562,82.0,68.0,14.0,19.0,42.0,3
890,2013,UDR,3.166222380256126,50.0,-1.8305026788949275,2.0,66.0,15.0,6.0,74.4574898785425,2
891,2014,UDR,-22.77125431656838,45.76666666666667,0.16642424242424245,6.0,67.0,15.0,19.0,74.4574898785425,0
892,2015,UDR,-24.82148931632146,26.469230769230766,0.2268791208791208,12.0,68.0,18.0,38.0,74.4574898785425,0
893,2013,UHS,-29.600727146583303,12.46161247600768,0.8898370158649243,16.0,100.0,14.0,7.0,2.0,0
894,2014,UHS,-4.486862891481839,17.455615851449274,2.933669631808094,15.0,100.0,13.0,7.0,3.0,2
895,2015,UHS,-18.408439839824908,16.774310667634253,0.6758700356594236,16.0,100.0,14.0,8.0,6.0,0
896,2014,UNH,-22.981569156855453,15.400519636678201,4.530994987843729,17.0,28.0,8.0,4.0,74.4574898785425,0
897,2015,UNH,-3.367769169553232,18.044262213114756,3.2592448622438552,17.0,34.0,7.0,4.0,74.4574898785425,2
898,2013,UNM,-33.908441746632775,8.6820987654321,4.601512345679014,10.0,32.0,12.0,8.0,74.4574898785425,0
899,2014,UNM,3.604629828468729,21.768517901234567,-0.4353703580246913,5.0,27.0,5.0,4.0,74.4574898785425,2
900,2015,UNM,-1.691614367951708,9.7421650997151,0.0835042722832723,10.0,33.0,12.0,8.0,74.4574898785425,2
901,2014,UNP,-15.795436535034561,17.757365511265164,-0.4544925713288677,24.0,75.0,36.0,22.0,42.0,1
902,2015,UNP,31.22455787777948,17.93647940108893,-3.9805186978570473,23.0,80.0,37.0,22.0,43.0,3
903,2013,UPS,-33.56898071070542,19.358064301075267,0.042679196884260424,68.0,75.0,13.0,8.0,74.0,0
904,2014,UPS,6.3854043513377885,32.79153987915408,-1.137915376403481,142.0,75.0,9.0,5.0,38.0,3
905,2015,UPS,1.4992676524473647,19.346654182156136,0.3093595427195015,196.0,78.0,13.0,8.0,44.0,2
906,2014,URBN,-21.012701583168667,19.166667447916666,1.07729889448635,17.0,38.0,14.0,9.0,158.0,0
907,2015,URBN,34.064737651876854,17.126469705882354,-1.4946737197860958,18.0,35.0,11.0,7.0,73.0,3
908,2016,URBN,-21.6470227652443,14.290502793296088,2.6993171942892595,20.0,35.0,10.0,7.0,99.0,0
909,2014,UTX,15.616746511072709,16.582369942196532,1.8473341953148736,20.0,29.0,17.0,11.0,22.0,3
910,2015,UTX,4.165136681106272,12.130160722477063,0.4663372899974513,28.0,28.0,13.0,14.0,31.0,3
911,2014,VAR,-19.247016110405525,21.347938659793815,-5.390354511597933,25.0,43.0,19.0,13.0,76.0,0
912,2015,VAR,-9.21206908819467,20.32929757869249,3.1551069842130746,24.0,41.0,18.0,13.0,61.0,1
913,2016,VAR,-31.072979395670107,20.188389454976303,9.264227605450234,23.0,42.0,17.0,13.0,58.0,0
914,2016,VFC,-8.551250265445047,19.708620344827587,0.9936429423850575,23.0,48.0,13.0,10.0,49.0,1
915,2014,VIAB,22.57352855432392,14.853526130198917,1.220464730364676,64.0,53.0,30.0,17.0,25.0,3
916,2015,VIAB,48.03540152162953,12.192468828451885,-0.898991368284519,54.0,48.0,23.0,14.0,13.0,3
917,2016,VIAB,-6.676069980297636,10.46831955922865,-0.43511797820098197,34.0,46.0,20.0,12.0,10.0,2
918,2013,VLO,-22.485015760442764,8.09964023970942,0.2502921615057746,14.0,8.0,3.0,2.0,33.0,0
919,2014,VLO,6.234195993362662,7.245639534883721,0.19130021840777664,18.0,10.0,5.0,3.0,37.0,3
920,2015,VLO,-29.249085073218097,7.5437500625,0.4634017895535712,19.0,15.0,7.0,5.0,56.0,0
921,2013,VMC,-11.884406690712876,50.0,-2.026622825,1.0,15.0,7.0,1.0,65.0,1
922,2014,VMC,8.486767606925632,40.33974262820513,0.055945628462474264,5.0,20.0,18.0,7.0,31.0,3
923,2015,VMC,-31.80663054649324,48.64759096385542,7.589024190361447,5.0,25.0,16.0,6.0,81.0,0
924,2014,VNO,-22.946458016578077,22.587501841889953,0.22804689359600439,13.0,59.0,30.0,37.0,74.4574898785425,0
925,2015,VNO,2.014055452106588,28.840740381024936,-2.114987627941829,11.0,60.0,30.0,30.0,74.4574898785425,2
926,2013,VRSK,-38.71028430091214,28.263284541062802,6.217922599033822,64.0,61.0,38.0,22.0,39.0,0
927,2014,VRSK,17.00489149244865,27.010372406639004,1.6444550259336095,190.0,59.0,38.0,23.0,6.0,3
928,2015,VRSK,-15.878416151120954,23.00651498371336,0.8400863804658971,37.0,61.0,36.0,25.0,10.0,1
929,2013,VRSN,-31.738338127056068,13.091511803713527,0.15437389641373178,129.0,81.0,55.0,56.0,85.0,0
930,2014,VRSN,-6.6943375679983195,20.975000535714287,-0.8152139383468333,40.0,81.0,56.0,35.0,99.0,2
931,2015,VRSN,-44.948928587268774,22.08814604863222,1.2621797742075551,35.0,82.0,57.0,35.0,127.0,0
932,2015,VRTX,-5.585273650338641,-50.0,2.0104647487612786,59.0,88.0,45.0,54.0,221.0,2
933,2014,VTR,-19.920921868772705,40.16358055555555,8.893364265873013,5.0,56.0,23.0,17.0,74.4574898785425,0
934,2015,VTR,15.087904969304631,50.0,-2.295357160714285,4.0,57.0,22.0,13.0,74.4574898785425,3
935,2013,VZ,-0.8287293288927734,11.657107481296759,0.00976676572757296,30.0,63.0,27.0,10.0,200.0,2
936,2014,VZ,2.5832076169351588,19.867769421487605,-0.5010676439004108,78.0,61.0,15.0,8.0,40.0,2
937,2015,VZ,1.087027628235425,10.675799086757992,0.13181343770384868,109.0,60.0,25.0,14.0,14.0,2
938,2014,WDC,-31.648898169319853,14.241278997093024,0.20627048227106273,18.0,29.0,12.0,11.0,132.0,0
939,2015,WDC,61.496680520602844,13.693343977812996,-1.6528106415325154,16.0,29.0,11.0,10.0,163.0,3
940,2016,WDC,4.782086816615232,50.0,-0.7536518951335699,2.0,26.0,4.0,2.0,121.0,3
941,2013,WEC,-9.177203787248295,15.511811023622046,2.1625289485873083,14.0,34.0,24.0,13.0,2.0,1
942,2014,WEC,-31.890743136047874,18.26436704980843,6.627356043787643,13.0,33.0,22.0,12.0,4.0,0
943,2015,WEC,-7.819302185442085,22.235169703389833,-2.321351717033898,7.0,33.0,21.0,11.0,2.0,2
944,2013,WFC,-13.31123007219176,10.196202405063291,0.6303106941311849,13.0,0.0,0.0,25.0,74.4574898785425,1
945,2014,WFC,-6.824544885909189,12.06834556354916,2.1668165898190597,13.0,0.0,0.0,26.0,74.4574898785425,2
946,2015,WFC,7.168110189874168,13.112440071770337,20.0,12.0,0.0,0.0,25.0,74.4574898785425,3
947,2014,WFM,6.686178808722806,34.59235636942675,5.688520825194607,15.0,36.0,7.0,4.0,68.0,3
948,2015,WFM,-4.790081275429918,28.281878523489937,-5.550318660234901,14.0,35.0,6.0,3.0,41.0,2
949,2016,WFM,-11.469224655194099,20.725805806451614,5.146908441935492,16.0,34.0,5.0,3.0,64.0,1
950,2014,WHR,-25.767415878049928,21.168675240963854,-1.0404603585417145,13.0,17.0,6.0,3.0,12.0,0
951,2015,WHR,30.446136915122395,17.20050216080402,0.8652373814222637,17.0,18.0,6.0,4.0,10.0,3
952,2014,WM,-10.712361863014591,17.237500535714286,0.013976351785714287,22.0,36.0,16.0,9.0,38.0,1
953,2015,WM,-7.852564637244864,31.650603012048197,-0.777383231874868,14.0,36.0,16.0,6.0,2.0,2
954,2013,WMB,-9.544619918655329,50.0,-1.043661265455305,9.0,40.0,20.0,6.0,34.0,1
955,2014,WMB,-13.524318560499665,14.178571258503403,0.03866883070500928,24.0,41.0,21.0,28.0,9.0,1
956,2015,WMB,12.425593732130114,-45.361844078947364,0.3604427610597439,9.0,53.0,3.0,8.0,4.0,3
957,2014,WMT,-17.738665819020287,16.918367653061225,-6.090612355102063,21.0,25.0,6.0,3.0,10.0,1
958,2015,WMT,26.986622661298377,14.556212919132149,4.195614311985152,20.0,25.0,6.0,3.0,14.0,3
959,2016,WMT,-26.320119286145083,14.150655349344978,-1.4641596453301835,18.0,25.0,5.0,3.0,13.0,0
960,2013,WU,-27.123314074047535,10.877622377622378,-0.684887334887335,72.0,42.0,20.0,14.0,24.0,0
961,2014,WU,0.30163401666216133,11.012499687499998,0.9263455619485286,66.0,41.0,20.0,15.0,21.0,2
962,2015,WU,-10.797882327385008,11.085889877300614,5.91247460122705,60.0,42.0,20.0,15.0,16.0,1
963,2013,WY,6.508206717152638,31.536842105263162,0.9329649122807019,8.0,21.0,9.0,8.0,74.0,3
964,2014,WY,-11.302892939563346,10.603124843749999,0.04476874934027777,34.0,22.0,18.0,25.0,172.0,1
965,2015,WY,8.904422634846918,37.1910106741573,-0.5152001478671141,10.0,20.0,13.0,7.0,116.0,3
966,2013,WYN,-16.331257482403927,19.63846107692308,1.2219486892307687,27.0,52.0,18.0,9.0,11.0,1
967,2014,WYN,-5.621993015603811,18.938388151658767,0.6345336236380518,42.0,53.0,18.0,10.0,10.0,2
968,2015,WYN,21.861099069369015,15.34266447876448,0.6744379593790222,64.0,51.0,18.0,11.0,9.0,3
969,2013,WYNN,-32.790590907886255,21.356552137931036,0.43700171811648797,395.0,38.0,23.0,13.0,179.0,0
970,2015,WYNN,52.96053215802078,50.0,-0.7668296282724297,174.0,38.0,16.0,5.0,198.0,3
971,2013,XEC,-37.68731789584899,12.446759027777778,0.21159490347222218,14.0,80.0,45.0,28.0,1.0,0
972,2014,XEC,-4.443898675065675,18.03972383419689,-1.694165368776751,11.0,76.0,34.0,21.0,52.0,2
973,2013,XEL,-6.428128994228949,14.40575942408377,5.358942505759168,10.0,32.0,17.0,9.0,3.0,2
974,2014,XEL,-19.432925614413577,15.864532019704434,2.525104679802962,10.0,32.0,17.0,9.0,2.0,0
975,2015,XEL,-10.219748432341698,18.65206134020619,-4.207076057846511,9.0,36.0,18.0,9.0,2.0,1
976,2013,XL,-21.439667595981,7.81114116847826,0.10615140562290969,11.0,32.0,15.0,14.0,74.4574898785425,0
977,2014,XL,-0.45243766397506713,46.79577535211268,-0.5798264420733154,2.0,36.0,4.0,3.0,74.4574898785425,2
978,2015,XL,-27.12193762995512,8.80568720379147,0.017812073831031176,10.0,33.0,10.0,13.0,74.4574898785425,0
979,2014,XLNX,3.5722879848149813,19.090717510548522,0.6962496974435344,23.0,69.0,31.0,26.0,248.0,2
980,2013,XOM,-13.543823715968532,12.773405630936228,-0.5317683889273882,19.0,32.0,10.0,8.0,7.0,1
981,2014,XOM,-5.005957202630354,12.698683947368421,4.069100030091537,19.0,32.0,9.0,8.0,7.0,2
982,2015,XOM,4.270378230974953,22.046753506493506,-0.4468142043982684,9.0,36.0,5.0,6.0,7.0,3
983,2013,XRAY,-24.351553480759616,20.175,-20.0,12.0,53.0,14.0,11.0,9.0,0
984,2014,XRAY,-20.286605371706745,22.25657850877193,6.120559089912316,14.0,55.0,15.0,11.0,23.0,0
985,2015,XRAY,-16.674487900511668,31.656425139664805,-1.4729928432333834,11.0,57.0,14.0,9.0,60.0,1
986,2013,XRX,-29.539644303765538,10.317204301075266,3.0951612903225705,9.0,32.0,6.0,6.0,31.0,0
987,2014,XRX,-16.13106201112527,15.920731707317074,-1.3460254988913514,9.0,32.0,6.0,5.0,23.0,1
988,2015,XRX,13.064526335620636,29.226190476190478,-0.5991369047619048,5.0,29.0,2.0,3.0,26.0,3
989,2013,YHOO,-27.002600351553163,23.219230384615383,-0.3823664307118255,10.0,71.0,13.0,29.0,254.0,0
990,2013,YUM,-33.72676698391768,21.25400171819502,-0.7003699613805217,50.0,27.0,14.0,8.0,30.0,0
991,2014,YUM,18.30086465821426,22.568228394092827,-13.597357607440886,68.0,27.0,12.0,8.0,28.0,3
992,2015,YUM,-13.810479332457998,17.800822144276093,0.7031324746989057,142.0,29.0,15.0,10.0,27.0,1
993,2013,ZBH,-52.657441687650504,17.939866146993317,4.558836573824183,12.0,73.0,23.0,17.0,175.0,0
994,2014,ZBH,8.097634530867921,24.376759976525825,-4.758767491069599,11.0,73.0,22.0,15.0,166.0,3
995,2015,ZBH,-7.520289159893522,50.0,-1.6964511651193632,1.0,70.0,8.0,2.0,100.0,2
996,2013,ZION,-38.10223859082408,16.39556930379747,0.26071642991284494,4.0,0.0,0.0,12.0,74.4574898785425,0
997,2014,ZION,6.03921899059148,17.43452380952381,2.7546547619047668,5.0,0.0,0.0,17.0,74.4574898785425,3
998,2015,ZION,3.2872413056698475,23.30416666666667,-0.8156458333333335,4.0,0.0,0.0,14.0,74.4574898785425,2
