Period Ending,Ticker Symbol,After Tax ROE,Gross Margin,Operating Margin,Profit Margin,Cash Ratio
2012-12-31,AAL,23.0,58.0,1.0,8.0,53.0
2013-12-31,AAL,67.0,59.0,5.0,7.0,75.0
2014-12-31,AAL,143.0,63.0,10.0,7.0,60.0
2015-12-31,AAL,135.0,73.0,15.0,19.0,51.0
2012-12-29,AAP,32.0,50.0,11.0,6.0,23.0
2013-12-28,AAP,26.0,50.0,10.0,6.0,40.0
2015-01-03,AAP,25.0,45.0,9.0,5.0,3.0
2016-01-02,AAP,19.0,45.0,8.0,5.0,2.0
2013-09-28,AAPL,30.0,38.0,29.0,22.0,93.0
2014-09-27,AAPL,35.0,39.0,29.0,22.0,40.0
2015-09-26,AAPL,45.0,40.0,30.0,23.0,52.0
2016-09-24,AAPL,36.0,39.0,28.0,21.0,85.0
2013-12-31,ABBV,92.0,76.0,30.0,22.0,144.0
2014-12-31,ABBV,102.0,78.0,17.0,9.0,74.0
2015-12-31,ABBV,130.0,80.0,33.0,23.0,77.0
2013-09-30,ABC,19.0,3.0,1.0,0.0,8.0
2014-09-30,ABC,14.0,2.0,1.0,0.0,10.0
2015-09-30,ABC,22.0,3.0,0.0,0.0,10.0
2016-09-30,ABC,67.0,3.0,1.0,1.0,11.0
2012-12-31,ABT,22.0,53.0,7.0,31.0,114.0
2013-12-31,ABT,10.0,53.0,11.0,13.0,85.0
2014-12-31,ABT,11.0,54.0,13.0,11.0,43.0
2015-12-31,ABT,21.0,57.0,14.0,22.0,67.0
2013-11-29,ADBE,4.0,86.0,10.0,7.0,208.0
2014-11-28,ADBE,4.0,85.0,10.0,6.0,150.0
2015-11-27,ADBE,9.0,84.0,19.0,13.0,180.0
2016-12-02,ADBE,16.0,86.0,26.0,20.0,169.0
2015-10-31,ADI,14.0,66.0,24.0,20.0,272.0
2012-12-31,ADM,7.0,4.0,2.0,2.0,35.0
2013-12-31,ADM,7.0,4.0,2.0,1.0,48.0
2014-12-31,ADM,11.0,6.0,3.0,3.0,42.0
2015-12-31,ADM,10.0,6.0,3.0,3.0,49.0
2012-12-31,ADS,80.0,34.0,27.0,12.0,28.0
2013-12-31,ADS,58.0,33.0,25.0,11.0,33.0
2014-12-31,ADS,21.0,31.0,21.0,10.0,25.0
2015-12-31,ADS,30.0,30.0,20.0,9.0,25.0
2013-01-31,ADSK,12.0,90.0,13.0,11.0,187.0
2014-01-31,ADSK,10.0,88.0,13.0,10.0,212.0
2015-01-31,ADSK,4.0,86.0,5.0,3.0,145.0
2016-01-31,ADSK,20.0,85.0,0.0,13.0,141.0
2012-12-31,AEE,15.0,40.0,21.0,17.0,7.0
2013-12-31,AEE,5.0,40.0,20.0,5.0,1.0
2014-12-31,AEE,9.0,41.0,21.0,10.0,0.0
2015-12-31,AEE,9.0,43.0,21.0,10.0,14.0
2012-12-31,AEP,8.0,57.0,18.0,8.0,10.0
2013-12-31,AEP,9.0,55.0,19.0,10.0,9.0
2014-12-31,AEP,10.0,53.0,19.0,10.0,8.0
2015-12-31,AEP,11.0,55.0,20.0,12.0,9.0
2012-12-31,AFL,18.0,33.0,17.0,11.0,74.4574898785425
2013-12-31,AFL,22.0,36.0,20.0,13.0,74.4574898785425
2014-12-31,AFL,16.0,37.0,20.0,13.0,74.4574898785425
2015-12-31,AFL,14.0,37.0,19.0,12.0,74.4574898785425
2012-12-31,AIG,4.0,47.0,4.0,5.0,74.4574898785425
2013-12-31,AIG,9.0,50.0,14.0,13.0,74.4574898785425
2014-12-31,AIG,7.0,48.0,16.0,12.0,74.4574898785425
2015-12-31,AIG,2.0,37.0,6.0,4.0,74.4574898785425
2012-12-31,AIV,14.0,60.0,19.0,14.0,74.4574898785425
2013-12-31,AIV,21.0,61.0,26.0,21.0,74.4574898785425
2014-12-31,AIV,25.0,61.0,27.0,31.0,74.4574898785425
2015-12-31,AIV,15.0,63.0,26.0,25.0,74.4574898785425
2013-12-31,AIZ,10.0,26.0,9.0,5.0,74.4574898785425
2014-12-31,AIZ,9.0,22.0,7.0,5.0,74.4574898785425
2015-12-31,AIZ,3.0,16.0,2.0,1.0,74.4574898785425
2016-12-31,AIZ,14.0,30.0,11.0,8.0,74.4574898785425
2013-12-31,AJG,13.0,100.0,9.0,8.0,74.4574898785425
2014-12-31,AJG,9.0,100.0,6.0,7.0,74.4574898785425
2015-12-31,AJG,10.0,100.0,5.0,7.0,74.4574898785425
2016-12-31,AJG,12.0,100.0,6.0,7.0,74.4574898785425
2012-12-31,AKAM,9.0,61.0,23.0,15.0,216.0
2013-12-31,AKAM,11.0,68.0,26.0,19.0,256.0
2014-12-31,AKAM,11.0,69.0,25.0,17.0,227.0
2015-12-31,AKAM,10.0,67.0,21.0,15.0,225.0
2012-12-31,ALB,17.0,36.0,16.0,12.0,124.0
2013-12-31,ALB,25.0,36.0,24.0,17.0,109.0
2014-12-31,ALB,10.0,32.0,11.0,5.0,218.0
2015-12-31,ALB,10.0,33.0,12.0,9.0,13.0
2012-12-31,ALK,22.0,50.0,11.0,7.0,87.0
2013-12-31,ALK,25.0,54.0,16.0,10.0,84.0
2014-12-31,ALK,28.0,57.0,18.0,11.0,73.0
2015-12-31,ALK,35.0,65.0,23.0,15.0,74.0
2012-12-31,ALL,11.0,35.0,10.0,7.0,74.4574898785425
2013-12-31,ALL,11.0,43.0,12.0,7.0,74.4574898785425
2014-12-31,ALL,13.0,40.0,12.0,8.0,74.4574898785425
2015-12-31,ALL,11.0,36.0,9.0,6.0,74.4574898785425
2013-12-31,ALLE,49.0,42.0,12.0,2.0,55.0
2015-12-31,ALLE,601.0,42.0,17.0,7.0,45.0
2016-12-31,ALLE,202.0,44.0,19.0,10.0,73.0
2013-12-31,ALXN,11.0,89.0,34.0,16.0,260.0
2015-12-31,ALXN,2.0,91.0,21.0,6.0,195.0
2016-12-31,ALXN,5.0,92.0,22.0,13.0,157.0
2013-10-27,AMAT,4.0,40.0,6.0,3.0,77.0
2014-10-26,AMAT,14.0,42.0,17.0,12.0,112.0
2015-10-25,AMAT,18.0,41.0,18.0,14.0,131.0
2016-10-30,AMAT,24.0,42.0,20.0,16.0,103.0
2012-12-31,AME,18.0,35.0,22.0,14.0,18.0
2013-12-31,AME,16.0,35.0,23.0,14.0,34.0
2014-12-31,AME,18.0,35.0,22.0,15.0,40.0
2015-12-31,AME,18.0,36.0,23.0,15.0,37.0
2012-12-31,AMG,8.0,100.0,20.0,10.0,74.4574898785425
2013-12-31,AMG,17.0,100.0,25.0,17.0,74.4574898785425
2014-12-31,AMG,17.0,100.0,29.0,19.0,74.4574898785425
2015-12-31,AMG,18.0,100.0,32.0,21.0,74.4574898785425
2013-12-31,AMGN,23.0,82.0,31.0,27.0,244.0
2012-12-31,AMP,11.0,81.0,15.0,10.0,74.4574898785425
2013-12-31,AMP,16.0,83.0,20.0,12.0,74.4574898785425
2014-12-31,AMP,20.0,84.0,24.0,13.0,74.4574898785425
2015-12-31,AMP,22.0,81.0,21.0,13.0,74.4574898785425
2012-12-31,AMT,18.0,75.0,39.0,22.0,70.0
2013-12-31,AMT,16.0,74.0,36.0,16.0,50.0
2014-12-31,AMT,21.0,73.0,36.0,20.0,25.0
2015-12-31,AMT,10.0,73.0,34.0,14.0,39.0
2013-12-31,AMZN,3.0,27.0,1.0,0.0,54.0
2014-12-31,AMZN,2.0,29.0,0.0,0.0,62.0
2015-12-31,AMZN,4.0,33.0,2.0,1.0,58.0
2016-12-31,AMZN,12.0,35.0,3.0,2.0,59.0
2013-12-31,AN,18.0,16.0,4.0,2.0,2.0
2014-12-31,AN,20.0,16.0,4.0,2.0,2.0
2015-12-31,AN,19.0,16.0,4.0,2.0,1.0
2016-12-31,AN,19.0,15.0,4.0,2.0,1.0
2012-12-31,ANTM,11.0,22.0,6.0,4.0,74.4574898785425
2013-12-31,ANTM,10.0,21.0,5.0,4.0,74.4574898785425
2014-12-31,ANTM,11.0,23.0,6.0,3.0,74.4574898785425
2015-12-31,ANTM,11.0,23.0,6.0,3.0,74.4574898785425
2012-12-31,AON,13.0,100.0,14.0,9.0,74.4574898785425
2013-12-31,AON,14.0,100.0,14.0,9.0,74.4574898785425
2014-12-31,AON,21.0,100.0,16.0,12.0,74.4574898785425
2015-12-31,AON,23.0,100.0,16.0,12.0,74.4574898785425
2012-12-31,APA,6.0,81.0,30.0,12.0,3.0
2013-12-31,APA,7.0,80.0,30.0,15.0,41.0
2014-12-31,APA,20.0,80.0,21.0,40.0,21.0
2013-12-31,APC,4.0,80.0,23.0,5.0,65.0
2014-12-31,APC,9.0,82.0,29.0,9.0,72.0
2016-12-31,APC,25.0,63.0,33.0,39.0,96.0
2013-09-30,APD,14.0,27.0,13.0,10.0,14.0
2014-09-30,APD,13.0,27.0,13.0,9.0,11.0
2015-09-30,APD,18.0,30.0,17.0,13.0,6.0
2016-09-30,APD,9.0,33.0,22.0,7.0,46.0
2012-12-31,APH,23.0,31.0,19.0,13.0,106.0
2013-12-31,APH,22.0,31.0,19.0,14.0,74.0
2014-12-31,APH,24.0,32.0,19.0,13.0,127.0
2015-12-31,APH,24.0,32.0,20.0,14.0,175.0
2012-12-31,ARNC,1.0,14.0,2.0,1.0,31.0
2013-12-31,ARNC,22.0,16.0,6.0,10.0,24.0
2014-12-31,ARNC,2.0,20.0,4.0,1.0,34.0
2015-12-31,ARNC,3.0,20.0,3.0,1.0,37.0
2012-12-31,ATVI,10.0,66.0,30.0,24.0,165.0
2013-12-31,ATVI,15.0,67.0,30.0,22.0,185.0
2014-12-31,ATVI,12.0,65.0,27.0,19.0,179.0
2015-12-31,ATVI,11.0,66.0,28.0,19.0,70.0
2012-12-31,AVB,6.0,100.0,35.0,42.0,74.4574898785425
2013-12-31,AVB,4.0,100.0,21.0,24.0,74.4574898785425
2014-12-31,AVB,8.0,100.0,37.0,41.0,74.4574898785425
2015-12-31,AVB,8.0,100.0,38.0,40.0,74.4574898785425
2015-11-01,AVGO,29.0,52.0,24.0,20.0,163.0
2016-10-30,AVGO,10.0,45.0,3.0,14.0,101.0
2012-12-31,AVY,14.0,26.0,6.0,4.0,11.0
2013-12-28,AVY,14.0,27.0,8.0,3.0,23.0
2015-01-03,AVY,23.0,26.0,8.0,4.0,13.0
2016-01-02,AVY,28.0,28.0,9.0,5.0,11.0
2012-12-31,AWK,8.0,53.0,32.0,13.0,5.0
2013-12-31,AWK,8.0,55.0,33.0,13.0,4.0
2014-12-31,AWK,9.0,55.0,33.0,14.0,3.0
2015-12-31,AWK,9.0,56.0,34.0,15.0,4.0
2012-12-31,AXP,24.0,0.0,0.0,13.0,74.4574898785425
2013-12-31,AXP,27.0,0.0,0.0,15.0,74.4574898785425
2014-12-31,AXP,28.0,0.0,0.0,16.0,74.4574898785425
2015-12-31,AXP,25.0,0.0,0.0,15.0,74.4574898785425
2013-08-31,AYI,13.0,40.0,11.0,6.0,93.0
2014-08-31,AYI,15.0,41.0,12.0,7.0,117.0
2015-08-31,AYI,16.0,42.0,14.0,8.0,145.0
2016-08-31,AYI,18.0,44.0,14.0,9.0,61.0
2013-08-31,AZO,60.0,52.0,19.0,11.0,3.0
2014-08-30,AZO,66.0,52.0,19.0,11.0,3.0
2015-08-29,AZO,68.0,52.0,19.0,11.0,4.0
2016-08-27,AZO,69.0,53.0,19.0,12.0,4.0
2013-12-31,BA,31.0,15.0,8.0,5.0,30.0
2014-12-31,BA,63.0,15.0,8.0,6.0,27.0
2015-12-31,BA,82.0,15.0,8.0,5.0,24.0
2016-12-31,BA,599.0,15.0,6.0,5.0,20.0
2012-12-31,BAC,2.0,0.0,0.0,4.0,74.4574898785425
2013-12-31,BAC,5.0,0.0,0.0,11.0,74.4574898785425
2014-12-31,BAC,2.0,0.0,0.0,5.0,74.4574898785425
2015-12-31,BAC,6.0,0.0,0.0,17.0,74.4574898785425
2012-12-31,BAX,34.0,51.0,20.0,17.0,69.0
2013-12-31,BAX,24.0,44.0,5.0,21.0,52.0
2014-12-31,BAX,31.0,43.0,6.0,23.0,48.0
2015-12-31,BAX,11.0,42.0,5.0,10.0,128.0
2013-03-02,BBBY,25.0,40.0,15.0,10.0,62.0
2014-03-01,BBBY,26.0,40.0,14.0,9.0,47.0
2015-02-28,BBBY,35.0,39.0,13.0,8.0,51.0
2016-02-27,BBBY,33.0,38.0,12.0,7.0,32.0
2012-12-31,BBT,9.0,0.0,0.0,18.0,74.4574898785425
2013-12-31,BBT,7.0,0.0,0.0,16.0,74.4574898785425
2014-12-31,BBT,9.0,0.0,0.0,21.0,74.4574898785425
2015-12-31,BBT,8.0,0.0,0.0,20.0,74.4574898785425
2012-03-03,BBY,33.0,24.0,5.0,3.0,14.0
2014-02-01,BBY,13.0,23.0,3.0,1.0,39.0
2015-01-31,BBY,25.0,22.0,4.0,3.0,50.0
2016-01-30,BBY,20.0,23.0,3.0,2.0,47.0
2013-12-31,BCR,33.0,61.0,21.0,23.0,185.0
2014-12-31,BCR,16.0,62.0,24.0,9.0,164.0
2015-12-31,BCR,9.0,62.0,25.0,4.0,82.0
2016-12-31,BCR,32.0,63.0,26.0,14.0,100.0
2013-09-30,BDX,26.0,52.0,16.0,16.0,122.0
2014-09-30,BDX,23.0,51.0,19.0,14.0,123.0
2015-09-30,BDX,10.0,46.0,10.0,7.0,35.0
2016-09-30,BDX,13.0,48.0,11.0,8.0,43.0
2013-12-31,BHI,6.0,17.0,9.0,5.0,31.0
2014-12-31,BHI,9.0,20.0,12.0,7.0,38.0
2015-12-31,BHI,12.0,8.0,15.0,12.0,84.0
2016-12-31,BHI,22.0,1.0,16.0,28.0,198.0
2013-12-31,BIIB,22.0,88.0,36.0,27.0,70.0
2014-12-31,BIIB,27.0,88.0,41.0,30.0,83.0
2015-12-31,BIIB,38.0,88.0,45.0,33.0,133.0
2016-12-31,BIIB,31.0,87.0,45.0,32.0,143.0
2012-12-31,BK,7.0,100.0,22.0,17.0,74.4574898785425
2013-12-31,BK,6.0,100.0,24.0,14.0,74.4574898785425
2014-12-31,BK,7.0,100.0,22.0,16.0,74.4574898785425
2015-12-31,BK,8.0,100.0,28.0,21.0,74.4574898785425
2012-12-31,BLL,36.0,18.0,9.0,5.0,10.0
2013-12-31,BLL,33.0,19.0,9.0,5.0,22.0
2014-12-31,BLL,45.0,19.0,10.0,5.0,10.0
2015-12-31,BLL,22.0,19.0,8.0,4.0,10.0
2012-12-31,BMY,14.0,74.0,13.0,11.0,34.0
2013-12-31,BMY,17.0,72.0,19.0,16.0,36.0
2014-12-31,BMY,13.0,75.0,16.0,13.0,88.0
2015-12-31,BMY,11.0,76.0,11.0,9.0,53.0
2012-12-31,BSX,59.0,68.0,53.0,56.0,12.0
2013-12-31,BSX,2.0,70.0,2.0,2.0,12.0
2014-12-31,BSX,2.0,70.0,4.0,2.0,21.0
2015-12-31,BSX,4.0,71.0,4.0,3.0,13.0
2013-12-31,BWA,18.0,21.0,11.0,8.0,58.0
2014-12-31,BWA,18.0,21.0,12.0,8.0,37.0
2015-12-31,BWA,17.0,21.0,12.0,8.0,25.0
2016-12-31,BWA,4.0,21.0,2.0,1.0,21.0
2012-12-31,BXP,6.0,64.0,35.0,16.0,74.4574898785425
2013-12-31,BXP,13.0,64.0,32.0,35.0,74.4574898785425
2014-12-31,BXP,8.0,64.0,33.0,19.0,74.4574898785425
2015-12-31,BXP,10.0,64.0,34.0,23.0,74.4574898785425
2012-12-31,C,4.0,100.0,8.0,13.0,74.4574898785425
2013-12-31,C,7.0,100.0,28.0,20.0,74.4574898785425
2014-12-31,C,3.0,100.0,20.0,11.0,74.4574898785425
2015-12-31,C,8.0,100.0,35.0,25.0,74.4574898785425
2013-05-26,CAG,15.0,25.0,10.0,6.0,5.0
2014-05-25,CAG,6.0,25.0,10.0,3.0,5.0
2015-05-31,CAG,6.0,24.0,11.0,2.0,5.0
2016-05-29,CAG,18.0,27.0,8.0,6.0,33.0
2013-06-30,CAH,6.0,5.0,1.0,0.0,13.0
2014-06-30,CAH,18.0,6.0,2.0,1.0,19.0
2015-06-30,CAH,19.0,6.0,2.0,1.0,27.0
2016-06-30,CAH,22.0,5.0,2.0,1.0,12.0
2013-12-31,CAT,18.0,26.0,10.0,7.0,22.0
2014-12-31,CAT,15.0,25.0,6.0,4.0,26.0
2015-12-31,CAT,17.0,27.0,8.0,5.0,25.0
2016-12-31,CAT,1.0,25.0,1.0,0.0,27.0
2012-12-31,CB,10.0,30.0,17.0,15.0,74.4574898785425
2013-12-31,CB,13.0,35.0,22.0,20.0,74.4574898785425
2014-12-31,CB,10.0,31.0,18.0,15.0,74.4574898785425
2015-12-31,CB,10.0,32.0,17.0,15.0,74.4574898785425
2012-12-31,CBG,21.0,12.0,9.0,5.0,43.0
2013-12-31,CBG,17.0,12.0,9.0,4.0,23.0
2014-12-31,CBG,21.0,11.0,9.0,5.0,26.0
2015-12-31,CBG,20.0,10.0,8.0,5.0,12.0
2012-12-31,CCI,6.0,70.0,34.0,8.0,82.0
2013-12-31,CCI,1.0,65.0,31.0,3.0,54.0
2014-12-31,CCI,6.0,63.0,27.0,11.0,32.0
2015-12-31,CCI,21.0,64.0,26.0,42.0,36.0
2013-11-30,CCL,4.0,31.0,9.0,7.0,7.0
2014-11-30,CCL,5.0,34.0,11.0,8.0,5.0
2015-11-30,CCL,7.0,40.0,16.0,11.0,20.0
2016-11-30,CCL,12.0,43.0,19.0,17.0,9.0
2013-12-31,CELG,26.0,95.0,28.0,22.0,292.0
2016-12-31,CELG,30.0,96.0,28.0,18.0,269.0
2013-12-28,CERN,13.0,82.0,20.0,14.0,137.0
2015-01-03,CERN,15.0,82.0,22.0,15.0,224.0
2016-01-02,CERN,14.0,83.0,18.0,12.0,66.0
2016-12-31,CERN,16.0,84.0,19.0,13.0,42.0
2012-12-31,CF,32.0,51.0,48.0,31.0,239.0
2013-12-31,CF,30.0,46.0,44.0,28.0,225.0
2014-12-31,CF,52.0,37.0,50.0,46.0,213.0
2015-12-31,CF,16.0,36.0,28.0,15.0,25.0
2012-12-31,CFG,3.0,0.0,0.0,12.0,74.4574898785425
2014-12-31,CFG,4.0,0.0,0.0,16.0,74.4574898785425
2015-12-31,CFG,4.0,0.0,0.0,16.0,74.4574898785425
2012-12-31,CHD,17.0,44.0,19.0,12.0,47.0
2013-12-31,CHD,17.0,45.0,19.0,12.0,76.0
2014-12-31,CHD,20.0,44.0,19.0,13.0,47.0
2015-12-31,CHD,20.0,45.0,20.0,12.0,38.0
2012-12-31,CHK,5.0,43.0,14.0,6.0,6.0
2013-12-31,CHK,5.0,32.0,11.0,4.0,17.0
2014-12-31,CHK,11.0,31.0,15.0,8.0,73.0
2012-12-31,CHRW,39.0,15.0,6.0,5.0,17.0
2013-12-31,CHRW,44.0,14.0,5.0,3.0,13.0
2014-12-31,CHRW,43.0,15.0,6.0,3.0,31.0
2015-12-31,CHRW,44.0,17.0,6.0,4.0,12.0
2013-12-31,CHTR,112.0,34.0,11.0,2.0,1.0
2014-12-31,CHTR,125.0,34.0,11.0,2.0,0.0
2015-12-31,CHTR,589.0,34.0,11.0,3.0,0.0
2016-12-31,CHTR,9.0,36.0,12.0,12.0,16.0
2012-12-31,CI,17.0,39.0,9.0,6.0,74.4574898785425
2013-12-31,CI,14.0,36.0,7.0,5.0,74.4574898785425
2014-12-31,CI,20.0,39.0,9.0,6.0,74.4574898785425
2015-12-31,CI,17.0,39.0,9.0,6.0,74.4574898785425
2012-12-31,CINF,8.0,15.0,14.0,10.0,74.4574898785425
2013-12-31,CINF,9.0,17.0,16.0,11.0,74.4574898785425
2014-12-31,CINF,8.0,16.0,15.0,11.0,74.4574898785425
2015-12-31,CINF,10.0,18.0,17.0,12.0,74.4574898785425
2012-12-31,CL,113.0,58.0,23.0,14.0,24.0
2013-12-31,CL,97.0,59.0,20.0,13.0,21.0
2014-12-31,CL,190.0,59.0,21.0,13.0,28.0
2015-12-31,CL,463.0,59.0,17.0,9.0,27.0
2013-06-30,CLX,392.0,43.0,18.0,10.0,26.0
2014-06-30,CLX,362.0,43.0,18.0,10.0,20.0
2015-06-30,CLX,492.0,44.0,18.0,10.0,27.0
2016-06-30,CLX,218.0,45.0,18.0,11.0,26.0
2013-12-31,CMA,8.0,0.0,0.0,20.0,74.4574898785425
2014-12-31,CMA,8.0,0.0,0.0,23.0,74.4574898785425
2015-12-31,CMA,7.0,0.0,0.0,18.0,74.4574898785425
2016-12-31,CMA,6.0,0.0,0.0,16.0,74.4574898785425
2012-12-31,CME,4.0,100.0,61.0,32.0,74.4574898785425
2013-12-31,CME,5.0,100.0,53.0,35.0,74.4574898785425
2014-12-31,CME,5.0,100.0,55.0,38.0,74.4574898785425
2015-12-31,CME,6.0,100.0,58.0,39.0,74.4574898785425
2013-12-31,CMG,21.0,27.0,17.0,10.0,290.0
2015-12-31,CMG,22.0,26.0,17.0,11.0,237.0
2016-12-31,CMG,2.0,13.0,1.0,1.0,148.0
2013-12-31,CMI,20.0,25.0,12.0,9.0,85.0
2014-12-31,CMI,21.0,25.0,12.0,9.0,60.0
2015-12-31,CMI,19.0,26.0,11.0,7.0,48.0
2016-12-31,CMI,20.0,25.0,11.0,8.0,32.0
2013-12-31,CMS,13.0,31.0,17.0,7.0,10.0
2014-12-31,CMS,13.0,29.0,16.0,7.0,13.0
2015-12-31,CMS,14.0,34.0,18.0,8.0,12.0
2016-12-31,CMS,13.0,37.0,20.0,9.0,10.0
2012-12-31,CNC,0.0,16.0,1.0,0.0,74.4574898785425
2013-12-31,CNC,13.0,17.0,3.0,2.0,74.4574898785425
2014-12-31,CNC,16.0,23.0,3.0,2.0,74.4574898785425
2015-12-31,CNC,16.0,24.0,3.0,2.0,74.4574898785425
2012-12-31,CNP,10.0,36.0,14.0,6.0,33.0
2013-12-31,CNP,7.0,29.0,12.0,4.0,32.0
2014-12-31,CNP,13.0,25.0,10.0,7.0,44.0
2015-12-31,CNP,20.0,31.0,13.0,9.0,43.0
2012-12-31,COF,9.0,0.0,0.0,15.0,74.4574898785425
2013-12-31,COF,10.0,0.0,0.0,17.0,74.4574898785425
2014-12-31,COF,10.0,0.0,0.0,19.0,74.4574898785425
2015-12-31,COF,9.0,0.0,0.0,16.0,74.4574898785425
2012-12-31,COG,6.0,76.0,25.0,11.0,7.0
2013-12-31,COG,13.0,77.0,32.0,16.0,13.0
2014-12-31,COG,5.0,76.0,5.0,5.0,4.0
2015-12-31,COG,6.0,57.0,7.0,8.0,0.0
2013-09-30,COL,39.0,31.0,20.0,14.0,20.0
2014-09-30,COL,32.0,30.0,18.0,12.0,15.0
2015-09-30,COL,37.0,31.0,19.0,13.0,12.0
2016-09-30,COL,35.0,31.0,19.0,14.0,14.0
2013-10-31,COO,12.0,65.0,19.0,19.0,24.0
2014-10-31,COO,11.0,64.0,18.0,16.0,6.0
2015-10-31,COO,8.0,60.0,13.0,11.0,3.0
2016-10-31,COO,10.0,60.0,16.0,14.0,19.0
2013-09-01,COST,19.0,13.0,3.0,2.0,46.0
2014-08-31,COST,17.0,13.0,3.0,2.0,51.0
2015-08-30,COST,22.0,13.0,3.0,2.0,39.0
2016-08-28,COST,19.0,13.0,3.0,2.0,30.0
2013-07-28,CPB,38.0,36.0,13.0,6.0,10.0
2014-08-03,CPB,54.0,36.0,15.0,10.0,8.0
2015-08-02,CPB,48.0,34.0,13.0,8.0,9.0
2016-07-31,CPB,37.0,35.0,12.0,7.0,12.0
2013-01-31,CRM,12.0,78.0,4.0,9.0,30.0
2014-01-31,CRM,8.0,76.0,7.0,6.0,21.0
2015-01-31,CRM,7.0,76.0,3.0,5.0,23.0
2016-01-31,CRM,1.0,75.0,2.0,1.0,24.0
2013-07-27,CSCO,17.0,61.0,23.0,21.0,230.0
2014-07-26,CSCO,14.0,59.0,20.0,17.0,263.0
2015-07-25,CSCO,15.0,60.0,22.0,18.0,258.0
2016-07-30,CSCO,17.0,63.0,26.0,22.0,264.0
2015-04-03,CSRA,25.0,19.0,11.0,7.0,1.0
2016-04-01,CSRA,159.0,16.0,4.0,2.0,12.0
2013-12-31,CSX,18.0,67.0,29.0,15.0,45.0
2014-12-26,CSX,17.0,68.0,29.0,15.0,46.0
2015-12-25,CSX,17.0,72.0,30.0,17.0,74.0
2016-12-30,CSX,15.0,75.0,31.0,15.0,50.0
2013-05-31,CTAS,14.0,41.0,13.0,7.0,64.0
2014-05-31,CTAS,17.0,42.0,14.0,9.0,81.0
2015-05-31,CTAS,22.0,43.0,16.0,10.0,85.0
2016-05-31,CTAS,38.0,43.0,16.0,14.0,26.0
2012-12-31,CTL,4.0,58.0,15.0,4.0,5.0
2013-12-31,CTL,1.0,59.0,8.0,1.0,4.0
2014-12-31,CTL,5.0,56.0,13.0,4.0,3.0
2015-12-31,CTL,6.0,57.0,15.0,5.0,3.0
2012-12-31,CTSH,22.0,42.0,19.0,14.0,208.0
2013-12-31,CTSH,20.0,40.0,19.0,14.0,211.0
2014-12-31,CTSH,19.0,40.0,18.0,14.0,146.0
2015-12-31,CTSH,17.0,40.0,17.0,13.0,182.0
2013-12-31,CTXS,10.0,83.0,13.0,12.0,50.0
2014-12-31,CTXS,12.0,80.0,10.0,8.0,50.0
2015-12-31,CTXS,16.0,81.0,11.0,10.0,52.0
2016-12-31,CTXS,21.0,84.0,19.0,16.0,54.0
2013-12-31,CVS,12.0,19.0,6.0,4.0,27.0
2014-12-31,CVS,12.0,18.0,6.0,3.0,13.0
2015-12-31,CVS,14.0,17.0,6.0,3.0,11.0
2016-12-31,CVS,14.0,16.0,6.0,3.0,13.0
2012-12-31,CVX,19.0,29.0,15.0,11.0,62.0
2013-12-31,CVX,14.0,28.0,12.0,10.0,50.0
2014-12-31,CVX,12.0,28.0,10.0,10.0,41.0
2015-12-31,CVX,3.0,29.0,3.0,4.0,43.0
2012-12-31,CXO,12.0,81.0,47.0,24.0,0.0
2013-12-31,CXO,7.0,80.0,27.0,11.0,0.0
2014-12-31,CXO,10.0,80.0,41.0,20.0,0.0
2015-12-31,CXO,1.0,70.0,21.0,4.0,38.0
2012-12-31,D,3.0,35.0,22.0,2.0,6.0
2013-12-31,D,15.0,39.0,25.0,13.0,13.0
2014-12-31,D,11.0,37.0,22.0,11.0,8.0
2015-12-31,D,15.0,47.0,30.0,16.0,8.0
2013-12-31,DAL,91.0,45.0,9.0,28.0,31.0
2014-12-31,DAL,7.0,43.0,5.0,2.0,26.0
2015-12-31,DAL,42.0,58.0,19.0,11.0,31.0
2016-12-31,DAL,36.0,60.0,18.0,11.0,24.0
2013-12-31,DD,30.0,39.0,10.0,17.0,68.0
2014-12-31,DD,27.0,40.0,14.0,13.0,51.0
2015-12-31,DD,20.0,40.0,12.0,8.0,60.0
2016-12-31,DD,25.0,41.0,14.0,10.0,67.0
2013-10-31,DE,34.0,32.0,16.0,9.0,23.0
2014-10-31,DE,35.0,31.0,15.0,9.0,23.0
2015-10-31,DE,29.0,30.0,12.0,7.0,22.0
2016-10-31,DE,23.0,32.0,11.0,6.0,25.0
2012-11-30,DFS,24.0,0.0,0.0,26.0,74.4574898785425
2013-12-31,DFS,23.0,0.0,0.0,26.0,74.4574898785425
2014-12-31,DFS,21.0,0.0,0.0,24.0,74.4574898785425
2015-12-31,DFS,20.0,0.0,0.0,23.0,74.4574898785425
2013-02-01,DG,19.0,32.0,10.0,6.0,8.0
2014-01-31,DG,19.0,31.0,10.0,6.0,28.0
2015-01-30,DG,19.0,31.0,9.0,6.0,30.0
2016-01-29,DG,22.0,31.0,10.0,6.0,8.0
2012-12-31,DGX,13.0,41.0,16.0,8.0,28.0
2013-12-31,DGX,22.0,39.0,21.0,12.0,17.0
2014-12-31,DGX,13.0,38.0,13.0,7.0,11.0
2015-12-31,DGX,15.0,38.0,19.0,9.0,11.0
2013-09-30,DHI,11.0,22.0,12.0,7.0,74.4574898785425
2014-09-30,DHI,10.0,22.0,12.0,7.0,74.4574898785425
2015-09-30,DHI,13.0,21.0,12.0,7.0,74.4574898785425
2016-09-30,DHI,13.0,22.0,13.0,7.0,74.4574898785425
2012-12-31,DHR,13.0,52.0,17.0,13.0,40.0
2013-12-31,DHR,12.0,51.0,17.0,15.0,69.0
2014-12-31,DHR,11.0,52.0,17.0,14.0,56.0
2015-12-31,DHR,14.0,52.0,17.0,16.0,13.0
2013-09-28,DIS,14.0,44.0,21.0,14.0,34.0
2014-09-27,DIS,17.0,46.0,23.0,15.0,26.0
2015-10-03,DIS,19.0,46.0,25.0,16.0,26.0
2016-10-01,DIS,22.0,46.0,26.0,17.0,27.0
2013-12-31,DISCA,17.0,69.0,36.0,19.0,32.0
2014-12-31,DISCA,20.0,66.0,33.0,18.0,14.0
2015-12-31,DISCA,19.0,63.0,31.0,16.0,25.0
2016-12-31,DISCA,23.0,63.0,32.0,18.0,19.0
2013-12-31,DISCK,17.0,69.0,36.0,19.0,32.0
2014-12-31,DISCK,20.0,66.0,33.0,18.0,14.0
2015-12-31,DISCK,19.0,63.0,31.0,16.0,25.0
2016-12-31,DISCK,23.0,63.0,32.0,18.0,19.0
2013-12-31,DLPH,42.0,18.0,11.0,8.0,36.0
2014-12-31,DLPH,54.0,20.0,11.0,9.0,22.0
2015-12-31,DLPH,64.0,20.0,11.0,10.0,14.0
2016-12-31,DLPH,52.0,21.0,12.0,8.0,20.0
2012-12-31,DLR,6.0,64.0,29.0,16.0,74.4574898785425
2013-12-31,DLR,9.0,63.0,26.0,21.0,74.4574898785425
2014-12-31,DLR,5.0,63.0,16.0,12.0,74.4574898785425
2015-12-31,DLR,7.0,63.0,23.0,17.0,74.4574898785425
2013-02-02,DLTR,37.0,36.0,12.0,8.0,59.0
2014-02-01,DLTR,51.0,36.0,12.0,8.0,39.0
2015-01-31,DLTR,34.0,35.0,12.0,7.0,100.0
2016-01-30,DLTR,6.0,30.0,7.0,2.0,35.0
2012-12-31,DNB,29.0,100.0,26.0,18.0,17.0
2013-12-31,DNB,25.0,100.0,27.0,17.0,28.0
2014-12-31,DNB,24.0,100.0,26.0,19.0,27.0
2015-12-31,DNB,15.0,100.0,21.0,10.0,38.0
2013-12-31,DOV,19.0,39.0,16.0,14.0,60.0
2014-12-31,DOV,21.0,38.0,16.0,10.0,33.0
2015-12-31,DOV,24.0,37.0,13.0,13.0,26.0
2016-12-31,DOV,13.0,36.0,11.0,7.0,18.0
2013-12-31,DPS,27.0,58.0,17.0,10.0,15.0
2014-12-31,DPS,31.0,59.0,19.0,11.0,23.0
2015-12-31,DPS,35.0,59.0,21.0,12.0,58.0
2016-12-31,DPS,40.0,60.0,22.0,13.0,170.0
2013-05-26,DRI,20.0,22.0,7.0,7.0,6.0
2014-05-25,DRI,13.0,21.0,5.0,5.0,6.0
2015-05-31,DRI,30.0,21.0,5.0,10.0,45.0
2016-05-29,DRI,19.0,22.0,9.0,5.0,23.0
2012-12-31,DUK,4.0,37.0,16.0,10.0,18.0
2013-12-31,DUK,6.0,40.0,21.0,12.0,18.0
2014-12-31,DUK,5.0,40.0,22.0,8.0,18.0
2015-12-31,DUK,7.0,41.0,23.0,12.0,8.0
2012-12-31,DVA,14.0,32.0,16.0,7.0,27.0
2013-12-31,DVA,14.0,30.0,13.0,5.0,39.0
2014-12-31,DVA,14.0,29.0,14.0,6.0,62.0
2015-12-31,DVA,6.0,29.0,8.0,2.0,79.0
2013-12-31,DVN,0.0,78.0,5.0,0.0,91.0
2014-12-31,DVN,7.0,89.0,23.0,8.0,25.0
2016-12-31,DVN,56.0,87.0,24.0,27.0,75.0
2013-03-31,EA,4.0,63.0,3.0,3.0,88.0
2014-03-31,EA,0.0,62.0,1.0,0.0,99.0
2015-03-31,EA,29.0,68.0,21.0,19.0,110.0
2016-03-31,EA,34.0,69.0,20.0,26.0,159.0
2013-12-31,EBAY,12.0,82.0,30.0,35.0,71.0
2014-12-31,EBAY,0.0,81.0,28.0,1.0,45.0
2015-12-31,EBAY,26.0,79.0,26.0,20.0,271.0
2012-12-31,ECL,12.0,46.0,11.0,6.0,38.0
2013-12-31,ECL,13.0,46.0,12.0,7.0,10.0
2014-12-31,ECL,16.0,46.0,14.0,8.0,5.0
2015-12-31,ECL,15.0,47.0,12.0,7.0,2.0
2013-12-31,ED,9.0,42.0,18.0,9.0,21.0
2014-12-31,ED,9.0,40.0,17.0,8.0,19.0
2015-12-31,ED,9.0,44.0,19.0,10.0,20.0
2016-12-31,ED,9.0,47.0,21.0,10.0,20.0
2012-12-31,EFX,14.0,63.0,23.0,13.0,23.0
2013-12-31,EFX,15.0,66.0,27.0,15.0,36.0
2014-12-31,EFX,17.0,65.0,26.0,15.0,16.0
2015-12-31,EFX,19.0,67.0,26.0,16.0,15.0
2012-12-31,EIX,1.0,35.0,19.0,1.0,5.0
2013-12-31,EIX,10.0,34.0,14.0,8.0,3.0
2014-12-31,EIX,16.0,35.0,18.0,13.0,2.0
2015-12-31,EIX,10.0,37.0,17.0,10.0,3.0
2013-06-30,EL,31.0,80.0,15.0,10.0,77.0
2014-06-30,EL,31.0,80.0,17.0,11.0,79.0
2015-06-30,EL,30.0,81.0,15.0,10.0,72.0
2016-06-30,EL,31.0,81.0,14.0,10.0,52.0
2012-12-31,EMN,15.0,22.0,10.0,5.0,18.0
2013-12-31,EMN,31.0,30.0,20.0,12.0,16.0
2014-12-31,EMN,21.0,23.0,12.0,8.0,11.0
2015-12-31,EMN,22.0,27.0,14.0,9.0,14.0
2013-09-30,EMR,19.0,40.0,14.0,8.0,43.0
2014-09-30,EMR,22.0,44.0,19.0,12.0,37.0
2015-09-30,EMR,34.0,43.0,18.0,17.0,39.0
2016-09-30,EMR,22.0,43.0,17.0,11.0,40.0
2012-12-31,EOG,4.0,85.0,13.0,5.0,30.0
2013-12-31,EOG,14.0,86.0,25.0,15.0,46.0
2014-12-31,EOG,16.0,86.0,29.0,16.0,62.0
2012-12-31,EQIX,6.0,50.0,21.0,7.0,76.0
2013-12-31,EQIX,4.0,51.0,21.0,4.0,116.0
2014-12-31,EQIX,11.0,51.0,21.0,11.0,178.0
2015-12-31,EQIX,7.0,53.0,21.0,7.0,164.0
2012-12-31,EQR,12.0,64.0,29.0,48.0,74.4574898785425
2014-12-31,EQR,6.0,66.0,35.0,24.0,74.4574898785425
2015-12-31,EQR,8.0,67.0,37.0,32.0,74.4574898785425
2013-12-31,EQT,10.0,81.0,34.0,21.0,162.0
2014-12-31,EQT,8.0,81.0,31.0,16.0,129.0
2015-12-31,EQT,2.0,73.0,9.0,4.0,201.0
2016-12-31,EQT,8.0,67.0,2.0,24.0,173.0
2012-12-31,ES,6.0,42.0,18.0,8.0,1.0
2013-12-31,ES,8.0,45.0,21.0,11.0,1.0
2014-12-31,ES,8.0,43.0,21.0,11.0,1.0
2015-12-31,ES,8.0,44.0,22.0,11.0,1.0
2012-12-31,ESS,7.0,68.0,31.0,23.0,74.4574898785425
2013-12-31,ESS,8.0,68.0,31.0,26.0,74.4574898785425
2014-12-31,ESS,2.0,68.0,21.0,13.0,74.4574898785425
2015-12-31,ESS,4.0,70.0,28.0,19.0,74.4574898785425
2012-12-31,ETFC,2.0,100.0,15.0,8.0,74.4574898785425
2013-12-31,ETFC,2.0,100.0,13.0,6.0,74.4574898785425
2014-12-31,ETFC,5.0,100.0,31.0,18.0,74.4574898785425
2015-12-31,ETFC,5.0,100.0,14.0,19.0,74.4574898785425
2012-12-31,ETN,8.0,30.0,9.0,7.0,20.0
2013-12-31,ETN,11.0,30.0,10.0,8.0,35.0
2014-12-31,ETN,11.0,31.0,8.0,8.0,19.0
2015-12-31,ETN,13.0,31.0,11.0,9.0,10.0
2012-12-31,ETR,9.0,36.0,13.0,8.0,14.0
2013-12-31,ETR,8.0,33.0,12.0,6.0,18.0
2014-12-31,ETR,10.0,35.0,16.0,8.0,37.0
2015-12-31,ETR,2.0,35.0,3.0,1.0,44.0
2012-12-31,EW,20.0,74.0,21.0,15.0,150.0
2013-12-31,EW,25.0,75.0,25.0,19.0,271.0
2015-12-31,EW,20.0,75.0,25.0,20.0,257.0
2013-12-31,EXC,8.0,28.0,15.0,7.0,23.0
2014-12-31,EXC,7.0,21.0,11.0,6.0,25.0
2015-12-31,EXC,9.0,27.0,15.0,8.0,74.0
2016-12-31,EXC,4.0,28.0,10.0,4.0,7.0
2012-12-31,EXPD,16.0,31.0,9.0,6.0,150.0
2013-12-31,EXPD,17.0,31.0,9.0,6.0,146.0
2014-12-31,EXPD,20.0,30.0,9.0,6.0,98.0
2015-12-31,EXPD,27.0,33.0,11.0,7.0,94.0
2013-12-31,EXPE,11.0,78.0,8.0,5.0,42.0
2014-12-31,EXPE,22.0,80.0,9.0,7.0,43.0
2015-12-31,EXPE,16.0,80.0,6.0,11.0,29.0
2016-12-31,EXPE,7.0,82.0,5.0,3.0,31.0
2012-12-31,EXR,14.0,72.0,38.0,51.0,74.4574898785425
2014-12-31,EXR,21.0,73.0,43.0,57.0,74.4574898785425
2015-12-31,EXR,19.0,74.0,38.0,50.0,74.4574898785425
2013-12-31,F,46.0,16.0,9.0,8.0,187.0
2014-12-31,F,5.0,8.0,0.0,1.0,155.0
2015-12-31,F,26.0,12.0,5.0,5.0,43.0
2016-12-31,F,16.0,11.0,3.0,3.0,43.0
2013-12-31,FAST,25.0,52.0,21.0,13.0,25.0
2014-12-31,FAST,26.0,51.0,21.0,13.0,31.0
2015-12-31,FAST,29.0,50.0,21.0,13.0,35.0
2016-12-31,FAST,26.0,50.0,20.0,13.0,41.0
2012-12-31,FBHS,5.0,33.0,5.0,4.0,53.0
2013-12-31,FBHS,9.0,35.0,9.0,6.0,33.0
2014-12-31,FBHS,7.0,34.0,10.0,4.0,27.0
2015-12-31,FBHS,13.0,35.0,11.0,7.0,31.0
2012-12-31,FCX,18.0,36.0,32.0,17.0,111.0
2013-12-31,FCX,13.0,30.0,26.0,13.0,42.0
2014-12-31,FCX,3.0,9.0,0.0,3.0,9.0
2013-05-31,FDX,16.0,63.0,10.0,6.0,86.0
2014-05-31,FDX,15.0,63.0,8.0,5.0,55.0
2015-05-31,FDX,7.0,64.0,4.0,2.0,63.0
2016-05-31,FDX,13.0,66.0,6.0,4.0,44.0
2012-12-31,FE,6.0,56.0,14.0,5.0,2.0
2013-12-31,FE,3.0,57.0,11.0,3.0,3.0
2014-12-31,FE,2.0,54.0,7.0,2.0,2.0
2015-12-31,FE,5.0,59.0,15.0,4.0,2.0
2013-09-30,FFIV,18.0,83.0,29.0,19.0,98.0
2014-09-30,FFIV,23.0,82.0,28.0,18.0,101.0
2015-09-30,FFIV,28.0,83.0,29.0,19.0,103.0
2016-09-30,FFIV,31.0,83.0,27.0,18.0,105.0
2012-12-31,FIS,7.0,32.0,19.0,8.0,41.0
2013-12-31,FIS,8.0,33.0,18.0,9.0,33.0
2014-12-31,FIS,11.0,33.0,20.0,11.0,31.0
2015-12-31,FIS,7.0,33.0,17.0,10.0,29.0
2012-12-31,FISV,18.0,42.0,24.0,14.0,32.0
2013-12-31,FISV,18.0,42.0,22.0,13.0,30.0
2014-12-31,FISV,23.0,43.0,24.0,15.0,20.0
2015-12-31,FISV,27.0,45.0,25.0,14.0,18.0
2013-02-02,FL,17.0,33.0,10.0,6.0,146.0
2014-02-01,FL,17.0,33.0,10.0,7.0,138.0
2015-01-31,FL,21.0,33.0,11.0,7.0,139.0
2016-01-30,FL,21.0,34.0,11.0,7.0,146.0
2012-12-31,FLIR,14.0,52.0,22.0,16.0,133.0
2013-12-31,FLIR,11.0,49.0,16.0,12.0,196.0
2014-12-31,FLIR,12.0,49.0,17.0,13.0,172.0
2015-12-31,FLIR,15.0,48.0,20.0,16.0,81.0
2013-12-31,FLR,18.0,5.0,4.0,2.0,72.0
2014-12-31,FLR,16.0,6.0,6.0,2.0,63.0
2015-12-31,FLR,14.0,6.0,4.0,2.0,73.0
2016-12-31,FLR,9.0,4.0,3.0,1.0,51.0
2013-12-31,FLS,26.0,34.0,15.0,10.0,23.0
2014-12-31,FLS,27.0,35.0,16.0,11.0,31.0
2015-12-31,FLS,16.0,33.0,12.0,6.0,27.0
2016-12-31,FLS,9.0,31.0,7.0,4.0,31.0
2012-12-31,FMC,28.0,37.0,19.0,12.0,7.0
2013-12-31,FMC,19.0,38.0,17.0,9.0,6.0
2014-12-31,FMC,20.0,37.0,13.0,9.0,6.0
2015-12-31,FMC,26.0,33.0,2.0,15.0,5.0
2013-12-31,FRT,11.0,70.0,40.0,26.0,74.4574898785425
2014-12-31,FRT,10.0,69.0,40.0,24.0,74.4574898785425
2015-12-31,FRT,13.0,69.0,40.0,28.0,74.4574898785425
2016-12-31,FRT,13.0,68.0,40.0,31.0,74.4574898785425
2012-12-31,FSLR,3.0,25.0,1.0,3.0,91.0
2013-12-31,FSLR,8.0,26.0,11.0,11.0,111.0
2014-12-31,FSLR,8.0,24.0,12.0,12.0,199.0
2015-12-31,FSLR,10.0,26.0,14.0,15.0,190.0
2012-12-31,FTR,1.0,100.0,20.0,1.0,86.0
2013-12-31,FTR,1.0,100.0,21.0,1.0,68.0
2014-12-31,FTR,4.0,100.0,17.0,3.0,45.0
2013-12-31,GD,16.0,19.0,12.0,8.0,43.0
2014-12-31,GD,21.0,19.0,13.0,8.0,32.0
2015-12-31,GD,28.0,19.0,13.0,9.0,22.0
2016-12-31,GD,27.0,20.0,14.0,9.0,18.0
2012-12-31,GGP,6.0,67.0,32.0,20.0,74.4574898785425
2013-12-31,GGP,4.0,67.0,34.0,12.0,74.4574898785425
2014-12-31,GGP,9.0,69.0,37.0,26.0,74.4574898785425
2015-12-31,GGP,17.0,69.0,38.0,57.0,74.4574898785425
2012-12-31,GILD,28.0,75.0,41.0,27.0,44.0
2013-12-31,GILD,27.0,74.0,40.0,27.0,33.0
2014-12-31,GILD,78.0,85.0,61.0,49.0,176.0
2015-12-31,GILD,98.0,88.0,68.0,55.0,148.0
2013-05-26,GIS,28.0,36.0,16.0,10.0,14.0
2014-05-25,GIS,28.0,36.0,17.0,10.0,16.0
2015-05-31,GIS,24.0,34.0,12.0,7.0,7.0
2016-05-29,GIS,34.0,35.0,16.0,10.0,15.0
2013-12-31,GLW,9.0,43.0,18.0,25.0,300.0
2014-12-31,GLW,11.0,42.0,20.0,25.0,261.0
2015-12-31,GLW,7.0,40.0,15.0,15.0,163.0
2016-12-31,GLW,21.0,40.0,15.0,39.0,192.0
2013-12-31,GM,13.0,12.0,3.0,3.0,48.0
2014-12-31,GM,11.0,9.0,1.0,3.0,45.0
2015-12-31,GM,24.0,12.0,3.0,6.0,33.0
2016-12-31,GM,22.0,13.0,6.0,6.0,29.0
2012-12-31,GPC,22.0,29.0,8.0,5.0,16.0
2013-12-31,GPC,20.0,30.0,7.0,5.0,6.0
2014-12-31,GPC,22.0,30.0,7.0,5.0,4.0
2015-12-31,GPC,22.0,30.0,7.0,5.0,5.0
2013-05-31,GPN,19.0,64.0,15.0,9.0,97.0
2014-05-31,GPN,25.0,63.0,16.0,10.0,48.0
2015-05-31,GPN,37.0,63.0,16.0,10.0,22.0
2016-05-31,GPN,10.0,60.0,15.0,9.0,43.0
2013-02-02,GPS,39.0,39.0,12.0,7.0,64.0
2014-02-01,GPS,42.0,39.0,13.0,8.0,62.0
2015-01-31,GPS,42.0,38.0,13.0,8.0,68.0
2016-01-30,GPS,36.0,36.0,10.0,6.0,54.0
2012-12-29,GRMN,15.0,53.0,22.0,20.0,152.0
2013-12-28,GRMN,17.0,53.0,22.0,23.0,147.0
2014-12-27,GRMN,11.0,56.0,24.0,13.0,132.0
2015-12-26,GRMN,14.0,55.0,19.0,16.0,121.0
2013-12-31,GT,39.0,21.0,7.0,3.0,60.0
2014-12-31,GT,68.0,23.0,8.0,14.0,46.0
2015-12-31,GT,8.0,26.0,9.0,2.0,30.0
2016-12-31,GT,28.0,28.0,10.0,8.0,24.0
2012-12-31,GWW,23.0,44.0,13.0,8.0,42.0
2013-12-31,GWW,25.0,44.0,14.0,8.0,36.0
2014-12-31,GWW,25.0,43.0,14.0,8.0,18.0
2015-12-31,GWW,34.0,42.0,13.0,8.0,16.0
2013-12-31,HAL,16.0,15.0,11.0,7.0,47.0
2014-12-31,HAL,22.0,17.0,16.0,11.0,39.0
2015-12-31,HAL,4.0,11.0,1.0,3.0,189.0
2016-12-31,HAL,61.0,5.0,43.0,36.0,100.0
2013-06-30,HAR,9.0,26.0,5.0,3.0,43.0
2014-06-30,HAR,13.0,27.0,6.0,4.0,39.0
2015-06-30,HAR,14.0,30.0,8.0,6.0,31.0
2016-06-30,HAR,15.0,30.0,8.0,5.0,33.0
2012-12-31,HAS,22.0,59.0,13.0,8.0,88.0
2013-12-29,HAS,17.0,59.0,11.0,7.0,50.0
2014-12-28,HAS,28.0,60.0,15.0,10.0,83.0
2015-12-27,HAS,27.0,62.0,16.0,10.0,92.0
2012-12-31,HBAN,11.0,0.0,0.0,21.0,74.4574898785425
2013-12-31,HBAN,11.0,0.0,0.0,22.0,74.4574898785425
2014-12-31,HBAN,10.0,0.0,0.0,21.0,74.4574898785425
2015-12-31,HBAN,11.0,0.0,0.0,22.0,74.4574898785425
2013-12-28,HBI,27.0,35.0,11.0,7.0,12.0
2015-01-03,HBI,29.0,36.0,11.0,8.0,16.0
2016-01-02,HBI,34.0,37.0,10.0,7.0,21.0
2016-12-31,HBI,44.0,38.0,13.0,9.0,29.0
2012-12-31,HCA,17.0,83.0,15.0,5.0,11.0
2013-12-31,HCA,19.0,83.0,14.0,5.0,7.0
2014-12-31,HCA,24.0,83.0,15.0,5.0,10.0
2015-12-31,HCA,28.0,83.0,15.0,5.0,13.0
2012-12-31,HCN,3.0,68.0,30.0,17.0,74.4574898785425
2013-12-31,HCN,1.0,58.0,19.0,5.0,74.4574898785425
2014-12-31,HCN,4.0,58.0,26.0,15.0,74.4574898785425
2015-12-31,HCN,6.0,57.0,28.0,22.0,74.4574898785425
2013-12-31,HCP,9.0,100.0,59.0,48.0,74.4574898785425
2015-12-31,HCP,6.0,100.0,26.0,31.0,74.4574898785425
2016-12-31,HCP,11.0,100.0,30.0,31.0,74.4574898785425
2013-02-03,HD,26.0,35.0,10.0,6.0,22.0
2014-02-02,HD,43.0,34.0,12.0,7.0,18.0
2015-02-01,HD,68.0,34.0,13.0,8.0,15.0
2016-01-31,HD,111.0,34.0,13.0,8.0,18.0
2012-12-31,HES,10.0,71.0,25.0,17.0,8.0
2013-12-31,HES,20.0,67.0,24.0,42.0,28.0
2014-12-31,HES,10.0,65.0,19.0,22.0,50.0
2015-12-31,HES,16.0,50.0,58.0,46.0,103.0
2012-12-31,HIG,0.0,40.0,0.0,0.0,74.4574898785425
2013-12-31,HIG,1.0,47.0,7.0,1.0,74.4574898785425
2014-12-31,HIG,4.0,42.0,9.0,4.0,74.4574898785425
2015-12-31,HIG,10.0,41.0,11.0,9.0,74.4574898785425
2012-12-31,HOG,24.0,38.0,18.0,11.0,93.0
2013-12-31,HOG,24.0,39.0,20.0,12.0,52.0
2014-12-31,HOG,29.0,39.0,21.0,14.0,44.0
2015-12-31,HOG,41.0,40.0,19.0,13.0,31.0
2013-09-28,HOLX,60.0,47.0,36.0,47.0,76.0
2014-09-27,HOLX,1.0,49.0,11.0,1.0,120.0
2015-09-26,HOLX,6.0,53.0,17.0,5.0,52.0
2016-09-24,HOLX,15.0,55.0,19.0,12.0,61.0
2013-12-31,HON,22.0,27.0,14.0,10.0,57.0
2014-12-31,HON,24.0,28.0,14.0,11.0,62.0
2015-12-31,HON,26.0,31.0,18.0,12.0,41.0
2016-12-31,HON,25.0,31.0,17.0,12.0,60.0
2013-09-30,HP,17.0,45.0,28.0,22.0,99.0
2014-09-30,HP,14.0,46.0,28.0,19.0,71.0
2015-09-30,HP,9.0,46.0,21.0,13.0,223.0
2016-09-30,HP,1.0,45.0,2.0,3.0,288.0
2014-10-31,HPE,4.0,28.0,4.0,3.0,12.0
2015-10-31,HPE,7.0,29.0,3.0,5.0,45.0
2016-10-31,HPE,10.0,29.0,8.0,6.0,58.0
2013-10-31,HPQ,19.0,23.0,6.0,5.0,27.0
2014-10-31,HPQ,19.0,20.0,8.0,9.0,35.0
2015-10-31,HPQ,16.0,19.0,8.0,9.0,18.0
2016-10-31,HPQ,64.0,19.0,7.0,5.0,33.0
2013-04-30,HRB,34.0,60.0,24.0,15.0,93.0
2014-04-30,HRB,31.0,61.0,27.0,16.0,118.0
2015-04-30,HRB,26.0,60.0,26.0,15.0,135.0
2013-10-27,HRL,16.0,16.0,9.0,6.0,55.0
2014-10-26,HRL,17.0,17.0,10.0,6.0,35.0
2015-10-31,HRL,17.0,20.0,12.0,7.0,29.0
2016-10-30,HRL,20.0,23.0,14.0,9.0,39.0
2013-06-28,HRS,7.0,34.0,16.0,2.0,25.0
2014-06-27,HRS,29.0,34.0,18.0,11.0,50.0
2015-07-03,HRS,10.0,34.0,14.0,7.0,21.0
2016-07-01,HRS,11.0,31.0,10.0,4.0,25.0
2012-12-29,HSIC,15.0,28.0,7.0,4.0,8.0
2013-12-28,HSIC,15.0,28.0,7.0,5.0,12.0
2014-12-27,HSIC,17.0,28.0,7.0,4.0,5.0
2015-12-26,HSIC,17.0,28.0,7.0,5.0,3.0
2012-12-31,HST,1.0,63.0,7.0,1.0,80.0
2013-12-31,HST,4.0,61.0,10.0,6.0,148.0
2014-12-31,HST,10.0,62.0,13.0,14.0,110.0
2015-12-31,HST,8.0,63.0,12.0,10.0,47.0
2012-12-31,HSY,64.0,43.0,17.0,10.0,50.0
2013-12-31,HSY,51.0,46.0,19.0,11.0,79.0
2014-12-31,HSY,58.0,45.0,19.0,11.0,24.0
2015-12-31,HSY,51.0,46.0,14.0,7.0,16.0
2013-12-31,HUM,13.0,21.0,5.0,3.0,74.4574898785425
2014-12-31,HUM,12.0,21.0,5.0,2.0,74.4574898785425
2015-12-31,HUM,12.0,18.0,4.0,2.0,74.4574898785425
2016-12-31,HUM,6.0,17.0,3.0,1.0,74.4574898785425
2012-12-31,IBM,88.0,49.0,22.0,16.0,26.0
2013-12-31,IBM,72.0,49.0,21.0,17.0,28.0
2014-12-31,IBM,101.0,50.0,20.0,13.0,21.0
2015-12-31,IBM,92.0,50.0,19.0,16.0,24.0
2012-12-31,IDXX,28.0,54.0,20.0,14.0,55.0
2013-12-31,IDXX,36.0,55.0,19.0,14.0,58.0
2014-12-31,IDXX,155.0,55.0,18.0,12.0,39.0
2015-12-31,IDXX,228.0,56.0,19.0,12.0,40.0
2012-12-31,IFF,20.0,42.0,17.0,9.0,52.0
2013-12-31,IFF,24.0,43.0,17.0,12.0,72.0
2014-12-31,IFF,27.0,44.0,19.0,13.0,92.0
2015-12-31,IFF,26.0,45.0,19.0,14.0,25.0
2014-12-28,ILMN,24.0,70.0,28.0,19.0,185.0
2016-01-03,ILMN,25.0,70.0,28.0,21.0,227.0
2017-01-01,ILMN,21.0,69.0,24.0,19.0,221.0
2013-12-28,INTC,17.0,60.0,23.0,18.0,148.0
2014-12-27,INTC,21.0,64.0,27.0,21.0,88.0
2015-12-26,INTC,19.0,63.0,25.0,21.0,162.0
2016-12-31,INTC,16.0,61.0,22.0,17.0,84.0
2013-07-31,INTU,24.0,87.0,31.0,22.0,130.0
2014-07-31,INTU,29.0,86.0,31.0,21.0,135.0
2015-07-31,INTU,16.0,83.0,18.0,9.0,97.0
2016-07-31,INTU,84.0,84.0,26.0,21.0,48.0
2012-12-31,IP,13.0,30.0,8.0,4.0,26.0
2013-12-31,IP,17.0,31.0,8.0,6.0,35.0
2014-12-31,IP,11.0,31.0,6.0,2.0,38.0
2015-12-31,IP,24.0,31.0,9.0,4.0,27.0
2012-12-31,IPG,18.0,100.0,10.0,6.0,34.0
2013-12-31,IPG,12.0,100.0,8.0,4.0,20.0
2014-12-31,IPG,23.0,100.0,10.0,6.0,22.0
2015-12-31,IPG,23.0,100.0,11.0,6.0,20.0
2012-12-31,IRM,15.0,57.0,18.0,6.0,31.0
2013-12-31,IRM,9.0,57.0,16.0,3.0,16.0
2014-12-31,IRM,38.0,57.0,18.0,10.0,19.0
2015-12-31,IRM,24.0,57.0,17.0,4.0,15.0
2014-12-31,ISRG,12.0,66.0,26.0,20.0,246.0
2013-12-31,ITW,17.0,39.0,18.0,12.0,60.0
2014-12-31,ITW,43.0,40.0,20.0,20.0,113.0
2015-12-31,ITW,36.0,41.0,21.0,14.0,130.0
2016-12-31,ITW,48.0,42.0,23.0,15.0,90.0
2012-12-31,IVZ,7.0,100.0,21.0,14.0,90.0
2013-12-31,IVZ,11.0,100.0,24.0,20.0,89.0
2014-12-31,IVZ,12.0,100.0,25.0,19.0,92.0
2015-12-31,IVZ,12.0,100.0,27.0,19.0,67.0
2012-12-31,JBHT,39.0,36.0,10.0,6.0,1.0
2013-12-31,JBHT,34.0,36.0,10.0,6.0,1.0
2014-12-31,JBHT,31.0,37.0,10.0,6.0,1.0
2015-12-31,JBHT,33.0,41.0,12.0,7.0,1.0
2013-09-27,JEC,10.0,16.0,6.0,4.0,67.0
2014-09-26,JEC,7.0,16.0,4.0,3.0,31.0
2015-10-02,JEC,7.0,16.0,4.0,3.0,23.0
2016-09-30,JEC,5.0,16.0,3.0,2.0,37.0
2012-12-31,JNPR,3.0,62.0,7.0,4.0,200.0
2013-12-31,JNPR,6.0,63.0,12.0,9.0,197.0
2014-12-31,JNPR,7.0,62.0,9.0,7.0,130.0
2015-12-31,JNPR,14.0,63.0,19.0,13.0,108.0
2012-12-31,JPM,10.0,100.0,31.0,23.0,74.4574898785425
2013-12-31,JPM,8.0,100.0,27.0,18.0,74.4574898785425
2014-12-31,JPM,9.0,100.0,33.0,24.0,74.4574898785425
2015-12-31,JPM,10.0,100.0,34.0,27.0,74.4574898785425
2013-02-02,JWN,38.0,39.0,11.0,6.0,58.0
2014-02-01,JWN,35.0,38.0,11.0,6.0,47.0
2015-01-31,JWN,30.0,38.0,10.0,5.0,30.0
2016-01-30,JWN,69.0,36.0,8.0,4.0,20.0
2012-12-29,K,40.0,38.0,11.0,7.0,6.0
2013-12-28,K,51.0,41.0,19.0,12.0,7.0
2015-01-03,K,23.0,35.0,7.0,4.0,10.0
2016-01-02,K,29.0,35.0,8.0,5.0,4.0
2013-09-30,KEY,14.0,17.0,2.0,3.0,74.4574898785425
2014-09-30,KEY,12.0,18.0,4.0,2.0,74.4574898785425
2015-09-30,KEY,55.0,17.0,3.0,21.0,74.4574898785425
2016-09-30,KEY,1.0,16.0,3.0,0.0,74.4574898785425
2012-12-31,KIM,6.0,74.0,29.0,34.0,74.4574898785425
2013-12-31,KIM,5.0,74.0,29.0,27.0,74.4574898785425
2014-12-31,KIM,9.0,74.0,31.0,43.0,74.4574898785425
2015-06-30,KLAC,87.0,57.0,24.0,13.0,238.0
2016-06-30,KLAC,102.0,61.0,32.0,24.0,249.0
2013-12-31,KMB,44.0,34.0,15.0,11.0,18.0
2014-12-31,KMB,209.0,34.0,13.0,8.0,13.0
2015-12-31,KMB,582.0,36.0,9.0,5.0,10.0
2013-12-31,KMI,9.0,48.0,28.0,8.0,10.0
2014-12-31,KMI,3.0,48.0,27.0,6.0,5.0
2015-12-31,KMI,1.0,55.0,17.0,2.0,7.0
2016-12-31,KMI,2.0,56.0,27.0,5.0,13.0
2013-02-28,KMX,14.0,13.0,7.0,4.0,98.0
2014-02-28,KMX,15.0,13.0,7.0,4.0,101.0
2015-02-28,KMX,19.0,13.0,7.0,4.0,32.0
2016-02-29,KMX,21.0,13.0,7.0,4.0,38.0
2012-12-31,KO,28.0,60.0,22.0,19.0,59.0
2013-12-31,KO,26.0,61.0,22.0,18.0,73.0
2014-12-31,KO,23.0,61.0,21.0,15.0,67.0
2015-12-31,KO,29.0,61.0,20.0,17.0,74.0
2013-03-30,KORS,38.0,60.0,29.0,18.0,288.0
2015-03-28,KORS,39.0,61.0,29.0,20.0,300.0
2016-04-02,KORS,42.0,59.0,25.0,18.0,161.0
2013-02-02,KR,36.0,21.0,3.0,2.0,2.0
2014-02-01,KR,28.0,21.0,3.0,2.0,4.0
2015-01-31,KR,32.0,21.0,3.0,2.0,2.0
2016-01-30,KR,30.0,22.0,3.0,2.0,2.0
2013-02-02,KSS,16.0,36.0,10.0,5.0,21.0
2014-02-01,KSS,15.0,36.0,9.0,5.0,35.0
2015-01-31,KSS,14.0,36.0,9.0,5.0,49.0
2016-01-30,KSS,12.0,36.0,8.0,4.0,26.0
2013-12-31,KSU,10.0,66.0,31.0,15.0,59.0
2014-12-31,KSU,13.0,66.0,31.0,20.0,39.0
2015-12-31,KSU,12.0,69.0,33.0,20.0,18.0
2016-12-31,KSU,12.0,70.0,35.0,20.0,23.0
2013-02-02,LB,74.0,42.0,15.0,7.0,50.0
2014-02-01,LB,244.0,41.0,16.0,8.0,83.0
2016-01-30,LB,484.0,43.0,18.0,10.0,136.0
2012-12-31,LEG,17.0,20.0,10.0,7.0,49.0
2013-12-31,LEG,14.0,20.0,8.0,6.0,33.0
2014-12-31,LEG,9.0,21.0,9.0,3.0,34.0
2015-12-31,LEG,30.0,24.0,12.0,8.0,36.0
2013-11-30,LEN,12.0,17.0,12.0,8.0,74.4574898785425
2014-11-30,LEN,13.0,19.0,12.0,8.0,74.4574898785425
2015-11-30,LEN,14.0,18.0,11.0,8.0,74.4574898785425
2016-11-30,LEN,13.0,19.0,12.0,8.0,74.4574898785425
2012-12-31,LH,21.0,40.0,18.0,10.0,45.0
2013-12-31,LH,23.0,38.0,17.0,10.0,55.0
2014-12-31,LH,18.0,37.0,15.0,9.0,59.0
2015-12-31,LH,9.0,33.0,12.0,5.0,42.0
2012-12-31,LKQ,13.0,42.0,11.0,6.0,12.0
2013-12-31,LKQ,13.0,41.0,10.0,6.0,22.0
2014-12-31,LKQ,14.0,39.0,10.0,6.0,15.0
2015-12-31,LKQ,14.0,39.0,10.0,6.0,12.0
2012-12-31,LLL,14.0,10.0,10.0,6.0,14.0
2013-12-31,LLL,13.0,10.0,10.0,7.0,20.0
2014-12-31,LLL,13.0,9.0,9.0,6.0,17.0
2015-12-31,LLL,6.0,9.0,5.0,2.0,7.0
2013-06-30,LLTC,41.0,75.0,45.0,32.0,149.0
2012-12-31,LLY,28.0,79.0,24.0,18.0,68.0
2013-12-31,LLY,27.0,79.0,25.0,20.0,61.0
2014-12-31,LLY,16.0,75.0,15.0,12.0,50.0
2015-12-31,LLY,17.0,75.0,14.0,12.0,54.0
2013-12-31,LMT,61.0,9.0,10.0,7.0,24.0
2014-12-31,LMT,106.0,12.0,13.0,9.0,13.0
2015-12-31,LMT,116.0,11.0,12.0,9.0,8.0
2016-12-31,LMT,351.0,11.0,12.0,11.0,15.0
2012-12-31,LNT,10.0,31.0,17.0,11.0,2.0
2013-12-31,LNT,11.0,31.0,16.0,11.0,1.0
2014-12-31,LNT,11.0,31.0,16.0,12.0,5.0
2015-12-31,LNT,10.0,33.0,18.0,12.0,0.0
2013-02-01,LOW,14.0,34.0,7.0,4.0,9.0
2014-01-31,LOW,19.0,35.0,8.0,4.0,6.0
2015-01-30,LOW,27.0,35.0,9.0,5.0,6.0
2016-01-29,LOW,33.0,35.0,8.0,4.0,7.0
2013-06-30,LRCX,3.0,39.0,3.0,3.0,178.0
2014-06-29,LRCX,13.0,44.0,15.0,14.0,194.0
2015-06-28,LRCX,13.0,43.0,15.0,12.0,155.0
2016-06-26,LRCX,16.0,44.0,18.0,16.0,282.0
2013-12-31,LUK,4.0,21.0,4.0,4.0,93.0
2014-12-31,LUK,2.0,25.0,4.0,2.0,87.0
2015-12-31,LUK,2.0,24.0,4.0,2.0,81.0
2013-12-31,LUV,10.0,53.0,7.0,4.0,56.0
2014-12-31,LUV,17.0,59.0,12.0,6.0,50.0
2015-12-31,LUV,30.0,70.0,21.0,11.0,41.0
2016-12-31,LUV,27.0,70.0,18.0,11.0,48.0
2012-12-31,LVLT,36.0,40.0,9.0,7.0,55.0
2013-12-31,LVLT,8.0,42.0,11.0,2.0,44.0
2014-12-31,LVLT,5.0,44.0,15.0,5.0,31.0
2015-12-31,LVLT,34.0,48.0,16.0,42.0,61.0
2012-12-31,LYB,26.0,13.0,10.0,6.0,54.0
2013-12-31,LYB,31.0,14.0,12.0,9.0,81.0
2014-12-31,LYB,50.0,15.0,13.0,9.0,48.0
2015-12-31,LYB,68.0,22.0,19.0,14.0,46.0
2013-02-02,M,22.0,40.0,10.0,5.0,36.0
2014-02-01,M,24.0,40.0,10.0,5.0,40.0
2015-01-31,M,28.0,40.0,10.0,5.0,44.0
2016-01-30,M,25.0,39.0,8.0,4.0,19.0
2013-12-31,MA,42.0,100.0,54.0,37.0,131.0
2014-12-31,MA,53.0,100.0,54.0,38.0,126.0
2015-12-31,MA,63.0,100.0,53.0,39.0,130.0
2016-12-31,MA,72.0,100.0,53.0,38.0,137.0
2012-12-31,MAA,12.0,75.0,26.0,23.0,74.4574898785425
2013-12-31,MAA,4.0,73.0,18.0,19.0,74.4574898785425
2014-12-31,MAA,5.0,72.0,23.0,16.0,74.4574898785425
2015-12-31,MAA,12.0,73.0,28.0,34.0,74.4574898785425
2012-12-31,MAC,11.0,58.0,20.0,42.0,74.4574898785425
2013-12-31,MAC,13.0,59.0,21.0,41.0,74.4574898785425
2015-12-31,MAC,10.0,61.0,23.0,38.0,74.4574898785425
2012-12-31,MAR,44.0,14.0,8.0,5.0,3.0
2013-12-31,MAR,44.0,14.0,8.0,5.0,5.0
2014-12-31,MAR,34.0,14.0,8.0,5.0,3.0
2015-12-31,MAR,24.0,15.0,9.0,6.0,3.0
2013-12-31,MAS,52.0,29.0,9.0,4.0,73.0
2014-12-31,MAS,93.0,29.0,10.0,12.0,62.0
2015-12-31,MAS,263.0,32.0,13.0,5.0,61.0
2016-12-31,MAS,165.0,33.0,14.0,7.0,68.0
2012-12-31,MAT,25.0,53.0,16.0,12.0,78.0
2013-12-31,MAT,28.0,54.0,18.0,14.0,99.0
2014-12-31,MAT,17.0,50.0,11.0,8.0,89.0
2015-12-31,MAT,14.0,49.0,9.0,6.0,54.0
2012-12-31,MCD,36.0,39.0,31.0,20.0,69.0
2013-12-31,MCD,35.0,39.0,31.0,20.0,88.0
2014-12-31,MCD,37.0,38.0,29.0,17.0,76.0
2015-12-31,MCD,64.0,39.0,28.0,18.0,260.0
2013-03-31,MCK,19.0,6.0,2.0,1.0,11.0
2014-03-31,MCK,15.0,6.0,2.0,1.0,14.0
2015-03-31,MCK,18.0,6.0,2.0,1.0,16.0
2016-03-31,MCK,25.0,6.0,2.0,1.0,12.0
2012-12-31,MCO,179.0,71.0,39.0,25.0,152.0
2013-12-31,MCO,239.0,72.0,42.0,27.0,185.0
2014-12-31,MCO,526.0,72.0,43.0,30.0,140.0
2015-12-31,MCO,167.0,72.0,42.0,27.0,183.0
2012-12-31,MDLZ,10.0,37.0,10.0,9.0,30.0
2013-12-31,MDLZ,12.0,37.0,11.0,11.0,18.0
2014-12-31,MDLZ,8.0,37.0,9.0,6.0,12.0
2015-12-31,MDLZ,26.0,39.0,30.0,25.0,17.0
2012-12-31,MET,2.0,44.0,2.0,2.0,74.4574898785425
2013-12-31,MET,5.0,44.0,6.0,5.0,74.4574898785425
2014-12-31,MET,9.0,47.0,12.0,9.0,74.4574898785425
2015-12-31,MET,8.0,45.0,11.0,8.0,74.4574898785425
2012-12-31,MHK,7.0,26.0,7.0,4.0,58.0
2013-12-31,MHK,8.0,26.0,7.0,5.0,4.0
2014-12-31,MHK,12.0,28.0,10.0,7.0,5.0
2015-12-31,MHK,13.0,30.0,10.0,8.0,3.0
2013-12-31,MJN,234.0,64.0,24.0,16.0,59.0
2014-12-31,MJN,125.0,61.0,22.0,16.0,108.0
2015-12-31,MJN,103.0,64.0,24.0,16.0,136.0
2013-11-30,MKC,20.0,40.0,13.0,9.0,6.0
2014-11-30,MKC,24.0,41.0,14.0,10.0,7.0
2015-11-30,MKC,24.0,40.0,13.0,9.0,9.0
2016-11-30,MKC,29.0,42.0,15.0,11.0,8.0
2012-12-31,MLM,6.0,16.0,8.0,4.0,15.0
2013-12-31,MLM,8.0,17.0,10.0,6.0,20.0
2014-12-31,MLM,4.0,18.0,11.0,5.0,27.0
2015-12-31,MLM,7.0,20.0,14.0,8.0,46.0
2012-12-31,MMC,18.0,100.0,15.0,10.0,74.4574898785425
2013-12-31,MMC,17.0,100.0,17.0,11.0,74.4574898785425
2014-12-31,MMC,21.0,100.0,18.0,11.0,74.4574898785425
2015-12-31,MMC,25.0,100.0,19.0,12.0,74.4574898785425
2013-12-31,MMM,27.0,48.0,22.0,15.0,45.0
2014-12-31,MMM,38.0,48.0,22.0,16.0,56.0
2015-12-31,MMM,42.0,49.0,23.0,16.0,27.0
2016-12-31,MMM,49.0,50.0,24.0,17.0,43.0
2012-12-31,MNST,53.0,52.0,27.0,17.0,111.0
2013-12-31,MNST,34.0,52.0,26.0,15.0,194.0
2012-12-31,MO,132.0,39.0,29.0,17.0,35.0
2013-12-31,MO,110.0,43.0,33.0,19.0,45.0
2014-12-31,MO,168.0,41.0,31.0,21.0,43.0
2015-12-31,MO,182.0,44.0,33.0,21.0,33.0
2013-08-31,MON,20.0,51.0,24.0,17.0,90.0
2014-08-31,MON,35.0,54.0,26.0,17.0,47.0
2015-08-31,MON,33.0,55.0,23.0,15.0,72.0
2016-08-31,MON,29.0,52.0,18.0,10.0,26.0
2013-05-31,MOS,14.0,28.0,22.0,19.0,209.0
2014-12-31,MOS,10.0,21.0,14.0,11.0,149.0
2015-12-31,MOS,10.0,19.0,14.0,11.0,62.0
2016-12-31,MOS,3.0,11.0,4.0,4.0,46.0
2012-12-31,MPC,29.0,16.0,6.0,4.0,59.0
2013-12-31,MPC,19.0,12.0,3.0,2.0,23.0
2014-12-31,MPC,23.0,14.0,4.0,3.0,17.0
2015-12-31,MPC,22.0,22.0,6.0,4.0,18.0
2012-12-31,MRK,12.0,65.0,19.0,13.0,88.0
2013-12-31,MRK,9.0,61.0,14.0,10.0,98.0
2014-12-31,MRK,25.0,60.0,13.0,28.0,85.0
2015-12-31,MRK,10.0,62.0,18.0,11.0,70.0
2012-12-31,MRO,9.0,83.0,23.0,13.0,13.0
2013-12-31,MRO,9.0,81.0,20.0,15.0,6.0
2014-12-31,MRO,14.0,79.0,11.0,28.0,55.0
2015-12-31,MRO,12.0,69.0,55.0,40.0,71.0
2013-06-30,MSFT,28.0,74.0,34.0,28.0,206.0
2014-06-30,MSFT,25.0,69.0,32.0,25.0,188.0
2015-06-30,MSFT,15.0,65.0,19.0,13.0,194.0
2016-06-30,MSFT,23.0,62.0,24.0,20.0,191.0
2012-12-31,MTB,10.0,0.0,0.0,22.0,74.4574898785425
2013-12-31,MTB,10.0,0.0,0.0,24.0,74.4574898785425
2014-12-31,MTB,9.0,0.0,0.0,23.0,74.4574898785425
2015-12-31,MTB,7.0,0.0,0.0,22.0,74.4574898785425
2013-12-31,MTD,33.0,54.0,18.0,13.0,20.0
2014-12-31,MTD,47.0,55.0,19.0,14.0,13.0
2015-12-31,MTD,61.0,56.0,20.0,15.0,18.0
2016-12-31,MTD,88.0,57.0,22.0,15.0,27.0
2013-08-29,MU,13.0,20.0,3.0,13.0,89.0
2014-08-28,MU,28.0,33.0,19.0,19.0,95.0
2015-09-03,MU,24.0,32.0,19.0,18.0,90.0
2016-09-01,MU,2.0,20.0,1.0,2.0,91.0
2012-12-31,MUR,11.0,77.0,30.0,21.0,31.0
2013-12-31,MUR,13.0,76.0,28.0,21.0,35.0
2014-12-31,MUR,11.0,79.0,23.0,17.0,53.0
2014-12-31,MYL,29.0,46.0,18.0,12.0,4.0
2015-12-31,MYL,9.0,45.0,15.0,9.0,30.0
2013-12-31,NAVI,25.0,0.0,0.0,23.0,74.4574898785425
2014-12-31,NAVI,27.0,0.0,0.0,20.0,74.4574898785425
2015-12-31,NAVI,25.0,0.0,0.0,19.0,74.4574898785425
2013-12-31,NBL,11.0,83.0,33.0,20.0,48.0
2014-12-31,NBL,12.0,82.0,18.0,24.0,47.0
2016-12-31,NBL,11.0,69.0,37.0,29.0,80.0
2012-12-31,NDAQ,7.0,52.0,20.0,12.0,74.4574898785425
2013-12-31,NDAQ,6.0,58.0,19.0,12.0,74.4574898785425
2014-12-31,NDAQ,7.0,58.0,19.0,12.0,74.4574898785425
2015-12-31,NDAQ,8.0,60.0,18.0,13.0,74.4574898785425
2012-12-31,NEE,12.0,42.0,23.0,13.0,4.0
2013-12-31,NEE,11.0,46.0,21.0,13.0,5.0
2014-12-31,NEE,12.0,49.0,26.0,14.0,6.0
2015-12-31,NEE,12.0,51.0,26.0,16.0,6.0
2012-12-31,NEM,13.0,57.0,31.0,18.0,52.0
2013-12-31,NEM,25.0,37.0,43.0,30.0,60.0
2014-12-31,NEM,5.0,39.0,10.0,7.0,113.0
2015-12-31,NEM,2.0,44.0,15.0,3.0,198.0
2013-12-31,NFLX,8.0,29.0,5.0,3.0,56.0
2014-12-31,NFLX,14.0,32.0,7.0,5.0,60.0
2015-12-31,NFLX,6.0,32.0,5.0,2.0,65.0
2016-12-31,NFLX,7.0,32.0,4.0,2.0,38.0
2013-12-31,NFX,5.0,78.0,24.0,8.0,14.0
2014-12-31,NFX,23.0,79.0,25.0,39.0,1.0
2013-05-31,NKE,22.0,44.0,13.0,10.0,151.0
2014-05-31,NKE,25.0,45.0,13.0,10.0,102.0
2015-05-31,NKE,26.0,46.0,14.0,11.0,94.0
2016-05-31,NKE,31.0,46.0,14.0,12.0,102.0
2013-12-31,NLSN,13.0,58.0,15.0,13.0,37.0
2014-12-31,NLSN,8.0,58.0,17.0,6.0,15.0
2015-12-31,NLSN,13.0,59.0,18.0,9.0,21.0
2016-12-31,NLSN,12.0,59.0,18.0,8.0,47.0
2012-12-31,NOV,12.0,29.0,20.0,14.0,59.0
2013-12-31,NOV,10.0,27.0,17.0,12.0,51.0
2014-12-31,NOV,12.0,27.0,17.0,12.0,48.0
2015-12-31,NOV,5.0,21.0,3.0,5.0,49.0
2013-12-31,NSC,17.0,64.0,29.0,17.0,68.0
2014-12-31,NSC,16.0,64.0,31.0,17.0,55.0
2015-12-31,NSC,13.0,65.0,27.0,15.0,49.0
2016-12-31,NSC,13.0,69.0,31.0,17.0,41.0
2013-04-26,NTAP,11.0,59.0,10.0,8.0,182.0
2014-04-25,NTAP,17.0,62.0,12.0,10.0,186.0
2015-04-24,NTAP,16.0,63.0,12.0,9.0,197.0
2016-04-29,NTAP,8.0,61.0,6.0,4.0,145.0
2012-12-31,NTRS,9.0,0.0,0.0,16.0,74.4574898785425
2013-12-31,NTRS,9.0,0.0,0.0,17.0,74.4574898785425
2014-12-31,NTRS,10.0,0.0,0.0,18.0,74.4574898785425
2015-12-31,NTRS,11.0,0.0,0.0,20.0,74.4574898785425
2012-12-31,NUE,7.0,8.0,5.0,3.0,57.0
2013-12-31,NUE,6.0,7.0,5.0,3.0,77.0
2014-12-31,NUE,9.0,9.0,6.0,3.0,54.0
2015-12-31,NUE,5.0,10.0,5.0,2.0,147.0
2016-01-31,NVDA,14.0,56.0,15.0,12.0,214.0
2012-12-31,NWL,20.0,38.0,12.0,7.0,12.0
2013-12-31,NWL,23.0,38.0,11.0,8.0,14.0
2014-12-31,NWL,20.0,38.0,11.0,7.0,11.0
2015-12-31,NWL,19.0,39.0,10.0,6.0,14.0
2013-06-30,NWS,4.0,100.0,18.0,6.0,110.0
2014-06-30,NWS,2.0,100.0,4.0,3.0,139.0
2015-06-30,NWS,1.0,100.0,4.0,2.0,92.0
2016-06-30,NWS,2.0,100.0,1.0,2.0,88.0
2013-06-30,NWSA,4.0,100.0,18.0,6.0,110.0
2014-06-30,NWSA,2.0,100.0,4.0,3.0,139.0
2015-06-30,NWSA,1.0,100.0,4.0,2.0,92.0
2016-06-30,NWSA,2.0,100.0,1.0,2.0,88.0
2012-12-31,OKE,17.0,16.0,9.0,4.0,21.0
2013-12-31,OKE,11.0,14.0,7.0,2.0,5.0
2014-12-31,OKE,53.0,17.0,9.0,3.0,7.0
2015-12-31,OKE,73.0,27.0,13.0,3.0,6.0
2013-12-31,OMC,28.0,100.0,13.0,7.0,22.0
2014-12-31,OMC,39.0,18.0,13.0,7.0,20.0
2015-12-31,OMC,45.0,17.0,13.0,7.0,18.0
2016-12-31,OMC,53.0,18.0,13.0,7.0,22.0
2012-12-31,ORLY,28.0,50.0,16.0,9.0,11.0
2013-12-31,ORLY,34.0,51.0,17.0,10.0,10.0
2014-12-31,ORLY,39.0,51.0,18.0,11.0,9.0
2015-12-31,ORLY,47.0,52.0,19.0,12.0,4.0
2012-12-31,OXY,11.0,68.0,31.0,23.0,22.0
2013-12-31,OXY,14.0,68.0,33.0,29.0,40.0
2014-12-31,OXY,2.0,65.0,7.0,3.0,95.0
2013-05-31,PAYX,32.0,100.0,39.0,24.0,107.0
2014-05-31,PAYX,35.0,100.0,39.0,25.0,107.0
2015-05-31,PAYX,38.0,100.0,38.0,25.0,105.0
2016-05-31,PAYX,40.0,100.0,39.0,26.0,100.0
2012-12-31,PBCT,5.0,0.0,0.0,18.0,74.4574898785425
2013-12-31,PBCT,5.0,0.0,0.0,17.0,74.4574898785425
2014-12-31,PBCT,5.0,0.0,0.0,18.0,74.4574898785425
2015-12-31,PBCT,5.0,0.0,0.0,18.0,74.4574898785425
2012-12-31,PBI,402.0,59.0,16.0,12.0,33.0
2013-12-31,PBI,70.0,56.0,14.0,4.0,42.0
2014-12-31,PBI,432.0,56.0,15.0,9.0,48.0
2015-12-31,PBI,228.0,56.0,17.0,11.0,34.0
2012-12-31,PCAR,19.0,16.0,8.0,7.0,64.0
2013-12-31,PCAR,18.0,17.0,8.0,7.0,99.0
2014-12-31,PCAR,20.0,16.0,9.0,7.0,99.0
2015-12-31,PCAR,23.0,18.0,11.0,9.0,110.0
2013-12-31,PCG,6.0,25.0,11.0,5.0,8.0
2014-12-31,PCG,9.0,29.0,14.0,8.0,8.0
2015-12-31,PCG,5.0,24.0,9.0,5.0,6.0
2016-12-31,PCG,8.0,28.0,12.0,8.0,2.0
2015-12-31,PCLN,29.0,93.0,35.0,28.0,184.0
2013-04-27,PDCO,15.0,33.0,10.0,6.0,113.0
2014-04-26,PDCO,14.0,28.0,8.0,6.0,56.0
2015-04-25,PDCO,15.0,27.0,8.0,6.0,69.0
2016-04-30,PDCO,13.0,25.0,6.0,3.0,17.0
2012-12-31,PEG,12.0,35.0,23.0,13.0,10.0
2013-12-31,PEG,11.0,36.0,23.0,12.0,16.0
2014-12-31,PEG,12.0,35.0,24.0,14.0,12.0
2015-12-31,PEG,13.0,40.0,28.0,16.0,11.0
2013-12-28,PEP,28.0,53.0,15.0,10.0,54.0
2014-12-27,PEP,37.0,53.0,14.0,10.0,48.0
2015-12-26,PEP,45.0,54.0,13.0,9.0,68.0
2016-12-31,PEP,56.0,55.0,16.0,10.0,76.0
2012-12-31,PFE,18.0,82.0,28.0,27.0,111.0
2013-12-31,PFE,29.0,81.0,29.0,43.0,139.0
2014-12-31,PFE,13.0,81.0,27.0,18.0,167.0
2015-12-31,PFE,11.0,80.0,24.0,14.0,79.0
2013-12-31,PFG,9.0,50.0,12.0,10.0,74.4574898785425
2014-12-31,PFG,11.0,50.0,14.0,11.0,74.4574898785425
2015-12-31,PFG,13.0,44.0,12.0,10.0,74.4574898785425
2016-12-31,PFG,13.0,44.0,13.0,11.0,74.4574898785425
2013-12-31,PG,21.0,93.0,35.0,20.0,232.0
2014-12-31,PG,13.0,93.0,29.0,12.0,138.0
2015-12-31,PG,17.0,90.0,31.0,15.0,129.0
2016-12-31,PG,20.0,94.0,27.0,18.0,84.0
2012-12-31,PGR,15.0,9.0,8.0,5.0,74.4574898785425
2013-12-31,PGR,19.0,10.0,9.0,6.0,74.4574898785425
2014-12-31,PGR,18.0,11.0,10.0,7.0,74.4574898785425
2015-12-31,PGR,17.0,10.0,9.0,6.0,74.4574898785425
2013-06-30,PH,17.0,23.0,11.0,7.0,51.0
2014-06-30,PH,16.0,23.0,9.0,8.0,67.0
2015-06-30,PH,20.0,24.0,12.0,8.0,81.0
2016-06-30,PH,18.0,22.0,10.0,7.0,89.0
2013-12-31,PHM,56.0,21.0,11.0,46.0,74.4574898785425
2014-12-31,PHM,10.0,27.0,12.0,8.0,74.4574898785425
2015-12-31,PHM,10.0,27.0,14.0,8.0,74.4574898785425
2016-12-31,PHM,13.0,25.0,13.0,8.0,74.4574898785425
2012-12-30,PKI,4.0,46.0,5.0,3.0,30.0
2013-12-29,PKI,8.0,45.0,11.0,8.0,29.0
2014-12-28,PKI,8.0,45.0,9.0,7.0,29.0
2016-01-03,PKI,10.0,45.0,13.0,9.0,42.0
2013-12-31,PM,110.0,26.0,17.0,11.0,13.0
2014-12-31,PM,59.0,24.0,15.0,9.0,11.0
2015-12-31,PM,52.0,24.0,14.0,9.0,22.0
2016-12-31,PM,55.0,23.0,14.0,9.0,26.0
2012-12-31,PNC,8.0,0.0,0.0,18.0,74.4574898785425
2013-12-31,PNC,10.0,0.0,0.0,25.0,74.4574898785425
2014-12-31,PNC,9.0,0.0,0.0,26.0,74.4574898785425
2015-12-31,PNC,9.0,0.0,0.0,25.0,74.4574898785425
2012-12-31,PNR,2.0,29.0,0.0,2.0,16.0
2013-12-31,PNR,9.0,34.0,11.0,8.0,16.0
2014-12-31,PNR,5.0,35.0,12.0,3.0,7.0
2015-12-31,PNR,2.0,34.0,3.0,1.0,8.0
2012-12-31,PNW,10.0,43.0,26.0,13.0,2.0
2013-12-31,PNW,10.0,42.0,24.0,12.0,1.0
2014-12-31,PNW,9.0,40.0,23.0,11.0,0.0
2015-12-31,PNW,10.0,44.0,24.0,13.0,3.0
2013-12-31,PPG,66.0,42.0,10.0,23.0,42.0
2014-12-31,PPG,41.0,44.0,10.0,14.0,24.0
2015-12-31,PPG,28.0,44.0,12.0,10.0,31.0
2016-12-31,PPG,18.0,45.0,6.0,6.0,44.0
2012-12-31,PPL,15.0,60.0,25.0,13.0,17.0
2013-12-31,PPL,9.0,76.0,35.0,16.0,24.0
2014-12-31,PPL,13.0,76.0,37.0,22.0,20.0
2015-12-31,PPL,7.0,78.0,37.0,9.0,22.0
2012-12-31,PRU,1.0,21.0,1.0,1.0,74.4574898785425
2013-12-31,PRU,2.0,35.0,4.0,2.0,74.4574898785425
2014-12-31,PRU,3.0,38.0,3.0,3.0,74.4574898785425
2015-12-31,PRU,13.0,43.0,14.0,10.0,74.4574898785425
2012-12-31,PSX,20.0,12.0,2.0,2.0,28.0
2013-12-31,PSX,17.0,11.0,1.0,2.0,42.0
2014-12-31,PSX,22.0,13.0,2.0,3.0,47.0
2015-12-31,PSX,18.0,22.0,4.0,4.0,41.0
2013-02-03,PVH,13.0,54.0,11.0,7.0,77.0
2014-02-02,PVH,3.0,52.0,7.0,2.0,38.0
2015-02-01,PVH,10.0,53.0,7.0,5.0,34.0
2016-01-31,PVH,13.0,52.0,9.0,7.0,36.0
2012-12-31,PWR,9.0,16.0,8.0,5.0,45.0
2013-12-31,PWR,10.0,15.0,7.0,7.0,47.0
2014-12-31,PWR,7.0,15.0,6.0,4.0,17.0
2015-12-31,PWR,10.0,12.0,3.0,4.0,11.0
2012-12-31,PX,28.0,43.0,22.0,15.0,6.0
2013-12-31,PX,27.0,43.0,22.0,15.0,5.0
2014-12-31,PX,30.0,43.0,21.0,14.0,5.0
2015-12-31,PX,35.0,45.0,22.0,14.0,8.0
2014-12-31,PYPL,5.0,100.0,16.0,5.0,17.0
2015-12-31,PYPL,9.0,100.0,16.0,13.0,25.0
2016-12-31,PYPL,10.0,100.0,15.0,13.0,29.0
2013-09-29,QCOM,19.0,61.0,29.0,28.0,287.0
2014-09-28,QCOM,20.0,60.0,29.0,30.0,292.0
2015-09-27,QCOM,17.0,59.0,23.0,21.0,284.0
2016-09-25,QCOM,18.0,59.0,28.0,24.0,255.0
2014-03-29,QRVO,2.0,35.0,2.0,1.0,111.0
2015-03-28,QRVO,3.0,40.0,7.0,11.0,167.0
2016-04-02,QRVO,1.0,40.0,0.0,1.0,164.0
2013-12-31,R,13.0,21.0,6.0,4.0,5.0
2014-12-31,R,12.0,21.0,5.0,3.0,5.0
2015-12-31,R,15.0,23.0,8.0,5.0,4.0
2016-12-31,R,13.0,22.0,8.0,4.0,3.0
2012-12-31,RCL,0.0,33.0,5.0,0.0,8.0
2013-12-31,RCL,5.0,33.0,10.0,6.0,9.0
2014-12-31,RCL,9.0,34.0,12.0,9.0,5.0
2015-12-31,RCL,8.0,39.0,11.0,8.0,9.0
2013-12-31,REGN,21.0,93.0,35.0,20.0,232.0
2014-12-31,REGN,13.0,93.0,29.0,12.0,138.0
2015-12-31,REGN,17.0,90.0,31.0,15.0,129.0
2016-12-31,REGN,20.0,94.0,27.0,18.0,84.0
2013-12-31,RHI,27.0,41.0,9.0,6.0,51.0
2014-12-31,RHI,31.0,41.0,11.0,7.0,46.0
2015-12-31,RHI,36.0,42.0,11.0,7.0,34.0
2016-12-31,RHI,32.0,41.0,11.0,7.0,38.0
2013-02-28,RHT,10.0,85.0,15.0,11.0,89.0
2014-02-28,RHT,11.0,85.0,15.0,12.0,86.0
2015-02-28,RHT,14.0,85.0,14.0,10.0,95.0
2016-02-29,RHT,15.0,85.0,14.0,10.0,78.0
2013-03-30,RL,20.0,60.0,16.0,11.0,116.0
2014-03-29,RL,19.0,58.0,15.0,10.0,132.0
2015-03-28,RL,18.0,57.0,14.0,9.0,96.0
2016-04-02,RL,11.0,57.0,8.0,5.0,91.0
2013-09-30,ROK,29.0,41.0,16.0,12.0,102.0
2014-09-30,ROK,31.0,42.0,18.0,12.0,108.0
2015-09-30,ROK,37.0,43.0,19.0,13.0,162.0
2016-09-30,ROK,37.0,42.0,17.0,12.0,123.0
2012-12-31,ROP,13.0,56.0,25.0,16.0,34.0
2013-12-31,ROP,13.0,58.0,26.0,17.0,71.0
2014-12-31,ROP,14.0,59.0,28.0,18.0,97.0
2015-12-31,ROP,13.0,60.0,29.0,19.0,108.0
2013-02-02,ROST,45.0,28.0,13.0,8.0,46.0
2014-02-01,ROST,42.0,28.0,13.0,8.0,31.0
2015-01-31,ROST,41.0,28.0,13.0,8.0,42.0
2016-01-30,ROST,41.0,28.0,14.0,9.0,48.0
2012-12-31,RRC,1.0,76.0,8.0,1.0,0.0
2013-12-31,RRC,5.0,72.0,17.0,6.0,0.0
2014-12-31,RRC,18.0,70.0,27.0,31.0,0.0
2013-12-31,RSG,7.0,38.0,14.0,7.0,12.0
2014-12-31,RSG,7.0,36.0,14.0,6.0,4.0
2015-12-31,RSG,10.0,39.0,17.0,8.0,2.0
2016-12-31,RSG,8.0,39.0,16.0,7.0,4.0
2013-09-29,SBUX,0.0,57.0,2.0,0.0,60.0
2014-09-28,SBUX,39.0,58.0,19.0,13.0,61.0
2015-09-27,SBUX,47.0,59.0,19.0,14.0,44.0
2016-10-02,SBUX,48.0,60.0,20.0,13.0,50.0
2012-12-31,SCG,10.0,34.0,21.0,10.0,4.0
2013-12-31,SCG,10.0,34.0,20.0,10.0,9.0
2014-12-31,SCG,11.0,33.0,20.0,11.0,6.0
2015-12-31,SCG,14.0,38.0,30.0,17.0,9.0
2012-12-31,SCHW,10.0,100.0,30.0,19.0,74.4574898785425
2013-12-31,SCHW,10.0,100.0,31.0,20.0,74.4574898785425
2014-12-31,SCHW,11.0,100.0,35.0,22.0,74.4574898785425
2015-12-31,SCHW,11.0,100.0,36.0,23.0,74.4574898785425
2012-12-31,SE,10.0,52.0,31.0,19.0,2.0
2013-12-31,SE,12.0,51.0,30.0,19.0,5.0
2014-12-31,SE,13.0,53.0,33.0,18.0,6.0
2015-12-31,SE,3.0,55.0,27.0,4.0,6.0
2013-12-31,SEE,9.0,34.0,8.0,2.0,37.0
2014-12-31,SEE,13.0,35.0,8.0,2.0,17.0
2015-12-31,SEE,43.0,37.0,11.0,3.0,19.0
2016-12-31,SEE,80.0,37.0,12.0,7.0,17.0
2012-12-31,SHW,35.0,44.0,10.0,7.0,46.0
2013-12-31,SHW,42.0,45.0,11.0,7.0,29.0
2014-12-31,SHW,87.0,46.0,12.0,8.0,2.0
2015-12-31,SHW,121.0,49.0,14.0,9.0,10.0
2013-02-02,SIG,15.0,39.0,14.0,9.0,35.0
2014-02-01,SIG,14.0,38.0,14.0,9.0,27.0
2015-02-02,SIG,14.0,36.0,10.0,7.0,16.0
2016-01-30,SIG,15.0,37.0,11.0,7.0,12.0
2013-04-30,SJM,11.0,34.0,15.0,9.0,43.0
2014-04-30,SJM,11.0,36.0,16.0,10.0,17.0
2015-04-30,SJM,5.0,35.0,14.0,6.0,12.0
2016-04-30,SJM,10.0,38.0,15.0,9.0,9.0
2012-12-31,SLG,3.0,64.0,29.0,15.0,74.4574898785425
2013-12-31,SLG,2.0,65.0,31.0,10.0,74.4574898785425
2014-12-31,SLG,7.0,67.0,32.0,34.0,74.4574898785425
2015-12-31,SLG,4.0,68.0,24.0,17.0,74.4574898785425
2013-12-31,SNA,17.0,49.0,18.0,11.0,30.0
2015-01-03,SNA,19.0,50.0,20.0,12.0,18.0
2016-01-02,SNA,20.0,51.0,21.0,13.0,14.0
2016-12-31,SNA,21.0,51.0,23.0,15.0,8.0
2012-12-31,SNI,37.0,74.0,40.0,30.0,173.0
2013-12-31,SNI,24.0,72.0,38.0,20.0,246.0
2014-12-31,SNI,39.0,71.0,37.0,20.0,76.0
2015-12-31,SNI,40.0,67.0,37.0,20.0,23.0
2012-12-31,SO,13.0,43.0,27.0,15.0,9.0
2013-12-31,SO,9.0,43.0,19.0,10.0,12.0
2014-12-31,SO,10.0,40.0,20.0,11.0,8.0
2015-12-31,SO,11.0,44.0,24.0,14.0,15.0
2012-12-31,SPG,29.0,81.0,47.0,40.0,74.4574898785425
2013-12-31,SPG,27.0,82.0,48.0,34.0,74.4574898785425
2014-12-31,SPG,32.0,82.0,49.0,34.0,74.4574898785425
2015-12-31,SPG,48.0,82.0,51.0,41.0,74.4574898785425
2013-12-31,SPGI,106.0,100.0,29.0,29.0,66.0
2014-12-31,SPGI,24.0,100.0,2.0,2.0,64.0
2015-12-31,SPGI,596.0,100.0,36.0,22.0,51.0
2016-12-31,SPGI,324.0,100.0,60.0,37.0,92.0
2013-02-02,SPLS,3.0,27.0,2.0,1.0,30.0
2014-02-01,SPLS,10.0,26.0,5.0,3.0,15.0
2015-01-31,SPLS,3.0,26.0,1.0,1.0,19.0
2016-01-30,SPLS,7.0,26.0,3.0,2.0,25.0
2012-12-31,SRCL,17.0,45.0,25.0,14.0,10.0
2013-12-31,SRCL,18.0,45.0,25.0,15.0,16.0
2014-12-31,SRCL,17.0,43.0,22.0,13.0,5.0
2015-12-31,SRCL,10.0,42.0,16.0,9.0,9.0
2012-12-31,SRE,8.0,31.0,16.0,9.0,12.0
2013-12-31,SRE,9.0,32.0,16.0,10.0,21.0
2014-12-31,SRE,10.0,30.0,16.0,11.0,11.0
2015-12-31,SRE,11.0,35.0,19.0,13.0,9.0
2012-12-31,STI,9.0,0.0,0.0,17.0,74.4574898785425
2013-12-31,STI,6.0,0.0,0.0,16.0,74.4574898785425
2014-12-31,STI,8.0,0.0,0.0,20.0,74.4574898785425
2015-12-31,STI,8.0,0.0,0.0,23.0,74.4574898785425
2013-12-31,STT,10.0,0.0,0.0,20.0,74.4574898785425
2014-12-31,STT,9.0,0.0,0.0,19.0,74.4574898785425
2015-12-31,STT,9.0,0.0,0.0,18.0,74.4574898785425
2016-12-31,STT,10.0,0.0,0.0,20.0,74.4574898785425
2013-06-28,STX,53.0,27.0,15.0,13.0,88.0
2014-06-27,STX,55.0,28.0,13.0,11.0,111.0
2015-07-03,STX,58.0,28.0,15.0,13.0,106.0
2016-07-01,STX,16.0,23.0,4.0,2.0,50.0
2013-02-28,STZ,14.0,40.0,19.0,14.0,49.0
2014-02-28,STZ,39.0,41.0,50.0,40.0,3.0
2015-02-28,STZ,15.0,43.0,25.0,14.0,10.0
2016-02-29,STZ,16.0,45.0,27.0,16.0,4.0
2013-12-28,SWK,7.0,36.0,7.0,4.0,15.0
2015-01-03,SWK,12.0,36.0,11.0,7.0,18.0
2016-01-02,SWK,15.0,36.0,12.0,8.0,17.0
2016-12-31,SWK,15.0,37.0,12.0,8.0,40.0
2013-09-27,SWKS,13.0,43.0,19.0,16.0,284.0
2014-10-03,SWKS,18.0,45.0,25.0,20.0,271.0
2015-10-02,SWKS,25.0,48.0,31.0,24.0,225.0
2012-12-31,SWN,23.0,91.0,40.0,26.0,8.0
2013-12-31,SWN,19.0,90.0,36.0,21.0,3.0
2014-12-31,SWN,20.0,89.0,34.0,23.0,1.0
2012-12-31,SYF,46.0,0.0,0.0,20.0,74.4574898785425
2013-12-31,SYF,33.0,0.0,0.0,17.0,74.4574898785425
2014-12-31,SYF,20.0,0.0,0.0,17.0,74.4574898785425
2015-12-31,SYF,18.0,0.0,0.0,16.0,74.4574898785425
2013-12-31,SYK,11.0,67.0,14.0,11.0,150.0
2014-12-31,SYK,6.0,66.0,13.0,5.0,112.0
2015-12-31,SYK,17.0,66.0,19.0,14.0,116.0
2016-12-31,SYK,17.0,66.0,19.0,15.0,107.0
2013-03-29,SYMC,14.0,83.0,16.0,11.0,85.0
2014-03-28,SYMC,15.0,81.0,3.0,21.0,95.0
2015-04-03,SYMC,15.0,82.0,4.0,22.0,87.0
2013-06-29,SYY,19.0,18.0,4.0,2.0,11.0
2014-06-28,SYY,18.0,18.0,3.0,2.0,9.0
2015-06-27,SYY,13.0,18.0,3.0,1.0,55.0
2016-07-02,SYY,27.0,18.0,4.0,2.0,88.0
2012-12-31,T,8.0,57.0,10.0,6.0,15.0
2013-12-31,T,20.0,60.0,24.0,14.0,10.0
2014-12-31,T,7.0,55.0,9.0,5.0,23.0
2015-12-31,T,11.0,54.0,17.0,9.0,11.0
2013-12-31,TAP,7.0,39.0,19.0,13.0,20.0
2014-12-31,TAP,7.0,40.0,18.0,12.0,27.0
2015-12-31,TAP,5.0,39.0,15.0,10.0,35.0
2016-12-31,TAP,17.0,39.0,68.0,40.0,18.0
2012-12-31,TDC,24.0,56.0,22.0,16.0,90.0
2013-12-31,TDC,20.0,55.0,20.0,14.0,90.0
2014-12-31,TDC,21.0,54.0,18.0,13.0,84.0
2015-12-31,TDC,25.0,50.0,8.0,8.0,88.0
2013-09-30,TDG,90.0,55.0,39.0,16.0,175.0
2014-09-30,TDG,20.0,53.0,39.0,13.0,140.0
2015-09-30,TDG,43.0,54.0,40.0,17.0,109.0
2016-09-30,TDG,90.0,54.0,40.0,18.0,211.0
2013-09-27,TEL,15.0,32.0,12.0,11.0,36.0
2014-09-26,TEL,20.0,33.0,15.0,15.0,62.0
2015-09-25,TEL,25.0,33.0,14.0,20.0,93.0
2016-09-30,TEL,24.0,33.0,16.0,16.0,21.0
2012-12-30,TGNA,18.0,45.0,15.0,8.0,19.0
2013-12-29,TGNA,14.0,59.0,19.0,24.0,47.0
2014-12-31,TGNA,33.0,64.0,27.0,40.0,10.0
2015-12-31,TGNA,21.0,70.0,30.0,15.0,21.0
2013-02-02,TGT,18.0,31.0,8.0,4.0,6.0
2014-02-01,TGT,12.0,30.0,7.0,3.0,5.0
2015-01-31,TGT,12.0,29.0,6.0,2.0,19.0
2016-01-30,TGT,26.0,30.0,7.0,5.0,32.0
2013-01-31,TIF,16.0,57.0,18.0,11.0,86.0
2014-01-31,TIF,7.0,58.0,8.0,5.0,53.0
2015-01-31,TIF,17.0,60.0,21.0,11.0,111.0
2016-01-31,TIF,16.0,61.0,19.0,11.0,121.0
2013-02-02,TJX,52.0,28.0,12.0,7.0,54.0
2014-02-01,TJX,51.0,29.0,12.0,8.0,69.0
2015-01-31,TJX,52.0,29.0,12.0,8.0,71.0
2016-01-30,TJX,53.0,29.0,12.0,7.0,56.0
2012-12-31,TMK,12.0,46.0,21.0,15.0,74.4574898785425
2013-12-31,TMK,14.0,47.0,22.0,15.0,74.4574898785425
2014-12-31,TMK,12.0,47.0,22.0,15.0,74.4574898785425
2015-12-31,TMK,13.0,46.0,20.0,14.0,74.4574898785425
2012-12-31,TMO,8.0,42.0,12.0,9.0,39.0
2013-12-31,TMO,8.0,42.0,12.0,10.0,187.0
2014-12-31,TMO,9.0,44.0,15.0,11.0,25.0
2015-12-31,TMO,9.0,46.0,14.0,12.0,11.0
2012-12-31,TRIP,27.0,98.0,39.0,25.0,249.0
2013-12-31,TRIP,24.0,98.0,31.0,22.0,198.0
2014-12-31,TRIP,20.0,97.0,27.0,18.0,148.0
2015-12-31,TRIP,14.0,96.0,16.0,13.0,212.0
2013-12-31,TRV,15.0,49.0,19.0,14.0,74.4574898785425
2014-12-31,TRV,15.0,49.0,19.0,14.0,74.4574898785425
2015-12-31,TRV,15.0,49.0,18.0,13.0,74.4574898785425
2016-12-31,TRV,13.0,45.0,15.0,11.0,74.4574898785425
2012-12-29,TSCO,27.0,34.0,9.0,6.0,26.0
2013-12-28,TSCO,26.0,34.0,10.0,6.0,27.0
2014-12-27,TSCO,29.0,34.0,10.0,6.0,8.0
2015-12-26,TSCO,29.0,34.0,10.0,7.0,10.0
2013-10-03,TSN,13.0,7.0,4.0,2.0,38.0
2014-10-03,TSN,10.0,7.0,4.0,2.0,12.0
2015-10-03,TSN,13.0,9.0,5.0,3.0,19.0
2016-10-01,TSN,18.0,13.0,8.0,5.0,13.0
2012-12-31,TSO,17.0,13.0,5.0,2.0,57.0
2013-12-31,TSO,10.0,9.0,2.0,1.0,36.0
2014-12-31,TSO,19.0,12.0,4.0,2.0,29.0
2015-12-31,TSO,30.0,22.0,10.0,5.0,37.0
2012-12-31,TSS,18.0,34.0,20.0,14.0,107.0
2013-12-31,TSS,16.0,34.0,19.0,12.0,83.0
2014-12-31,TSS,19.0,32.0,18.0,13.0,98.0
2015-12-31,TSS,20.0,33.0,19.0,13.0,115.0
2012-12-31,TXN,16.0,50.0,15.0,14.0,116.0
2013-12-31,TXN,20.0,52.0,23.0,18.0,139.0
2014-12-31,TXN,27.0,57.0,30.0,22.0,133.0
2015-12-31,TXN,30.0,58.0,33.0,23.0,126.0
2012-12-29,TXT,20.0,18.0,9.0,5.0,40.0
2013-12-28,TXT,11.0,16.0,7.0,4.0,40.0
2015-01-03,TXT,14.0,18.0,8.0,4.0,23.0
2016-01-02,TXT,14.0,18.0,8.0,5.0,27.0
2012-12-31,UA,16.0,48.0,11.0,7.0,136.0
2013-12-31,UA,15.0,49.0,11.0,7.0,81.0
2014-12-31,UA,15.0,49.0,11.0,7.0,141.0
2015-12-31,UA,14.0,48.0,10.0,6.0,27.0
2012-12-31,UAA,16.0,48.0,11.0,7.0,136.0
2013-12-31,UAA,15.0,49.0,11.0,7.0,81.0
2014-12-31,UAA,15.0,49.0,11.0,7.0,141.0
2015-12-31,UAA,14.0,48.0,10.0,6.0,27.0
2012-12-31,UAL,150.0,52.0,0.0,2.0,52.0
2013-12-31,UAL,19.0,55.0,3.0,1.0,43.0
2014-12-31,UAL,47.0,57.0,6.0,3.0,44.0
2015-12-31,UAL,82.0,68.0,14.0,19.0,42.0
2012-12-31,UDR,7.0,66.0,9.0,30.0,74.4574898785425
2013-12-31,UDR,2.0,66.0,15.0,6.0,74.4574898785425
2014-12-31,UDR,6.0,67.0,15.0,19.0,74.4574898785425
2015-12-31,UDR,12.0,68.0,18.0,38.0,74.4574898785425
2012-12-31,UHS,16.0,100.0,14.0,6.0,3.0
2013-12-31,UHS,16.0,100.0,14.0,7.0,2.0
2014-12-31,UHS,15.0,100.0,13.0,7.0,3.0
2015-12-31,UHS,16.0,100.0,14.0,8.0,6.0
2013-02-02,ULTA,22.0,35.0,13.0,8.0,145.0
2014-02-02,ULTA,20.0,35.0,12.0,8.0,157.0
2015-01-31,ULTA,21.0,35.0,13.0,8.0,150.0
2016-01-31,ULTA,22.0,35.0,13.0,8.0,120.0
2013-12-31,UNH,17.0,27.0,8.0,5.0,74.4574898785425
2014-12-31,UNH,17.0,28.0,8.0,4.0,74.4574898785425
2015-12-31,UNH,17.0,34.0,7.0,4.0,74.4574898785425
2016-12-31,UNH,18.0,37.0,7.0,4.0,74.4574898785425
2012-12-31,UNM,10.0,32.0,12.0,9.0,74.4574898785425
2013-12-31,UNM,10.0,32.0,12.0,8.0,74.4574898785425
2014-12-31,UNM,5.0,27.0,5.0,4.0,74.4574898785425
2015-12-31,UNM,10.0,33.0,12.0,8.0,74.4574898785425
2013-12-31,UNP,21.0,73.0,34.0,20.0,38.0
2014-12-31,UNP,24.0,75.0,36.0,22.0,42.0
2015-12-31,UNP,23.0,80.0,37.0,22.0,43.0
2016-12-31,UNP,21.0,81.0,36.0,21.0,37.0
2012-12-31,UPS,17.0,75.0,2.0,1.0,94.0
2013-12-31,UPS,68.0,75.0,13.0,8.0,74.0
2014-12-31,UPS,142.0,75.0,9.0,5.0,38.0
2015-12-31,UPS,196.0,78.0,13.0,8.0,44.0
2013-01-31,URBN,18.0,37.0,13.0,8.0,189.0
2014-01-31,URBN,17.0,38.0,14.0,9.0,158.0
2015-01-31,URBN,18.0,35.0,11.0,7.0,73.0
2016-01-31,URBN,20.0,35.0,10.0,7.0,99.0
2013-07-31,USB,23.0,35.0,14.0,10.0,68.0
2014-07-31,USB,26.0,35.0,14.0,11.0,69.0
2015-07-31,USB,27.0,34.0,12.0,9.0,39.0
2016-07-31,USB,25.0,34.0,12.0,9.0,45.0
2013-12-31,UTX,18.0,29.0,15.0,10.0,20.0
2014-12-31,UTX,20.0,29.0,17.0,11.0,22.0
2015-12-31,UTX,28.0,28.0,13.0,14.0,31.0
2016-12-31,UTX,18.0,28.0,14.0,9.0,33.0
2013-09-30,V,19.0,84.0,61.0,42.0,99.0
2014-09-30,V,20.0,85.0,61.0,43.0,91.0
2015-09-30,V,21.0,85.0,65.0,46.0,132.0
2016-09-30,V,18.0,85.0,52.0,40.0,124.0
2013-09-27,VAR,26.0,42.0,21.0,15.0,102.0
2014-09-26,VAR,25.0,43.0,19.0,13.0,76.0
2015-10-02,VAR,24.0,41.0,18.0,13.0,61.0
2016-09-30,VAR,23.0,42.0,17.0,13.0,58.0
2012-12-31,VFC,21.0,47.0,13.0,10.0,34.0
2013-12-31,VFC,20.0,48.0,14.0,11.0,50.0
2015-01-03,VFC,19.0,49.0,12.0,9.0,60.0
2016-01-02,VFC,23.0,48.0,13.0,10.0,49.0
2013-09-30,VIAB,46.0,51.0,28.0,17.0,63.0
2014-09-30,VIAB,64.0,53.0,30.0,17.0,25.0
2015-09-30,VIAB,54.0,48.0,23.0,14.0,13.0
2016-09-30,VIAB,34.0,46.0,20.0,12.0,10.0
2012-12-31,VLO,12.0,9.0,4.0,2.0,14.0
2013-12-31,VLO,14.0,8.0,3.0,2.0,33.0
2014-12-31,VLO,18.0,10.0,5.0,3.0,37.0
2015-12-31,VLO,19.0,15.0,7.0,5.0,56.0
2012-12-31,VMC,1.0,13.0,3.0,2.0,63.0
2013-12-31,VMC,1.0,15.0,7.0,1.0,65.0
2014-12-31,VMC,5.0,20.0,18.0,7.0,31.0
2015-12-31,VMC,5.0,25.0,16.0,6.0,81.0
2013-12-31,VNO,7.0,60.0,29.0,21.0,74.4574898785425
2014-12-31,VNO,13.0,59.0,30.0,37.0,74.4574898785425
2015-12-31,VNO,11.0,60.0,30.0,30.0,74.4574898785425
2016-12-31,VNO,13.0,59.0,22.0,36.0,74.4574898785425
2012-12-31,VRSK,129.0,63.0,41.0,23.0,16.0
2013-12-31,VRSK,64.0,61.0,38.0,22.0,39.0
2014-12-31,VRSK,190.0,59.0,38.0,23.0,6.0
2015-12-31,VRSK,37.0,61.0,36.0,25.0,10.0
2013-12-31,VRSN,129.0,81.0,55.0,56.0,85.0
2014-12-31,VRSN,40.0,81.0,56.0,35.0,99.0
2015-12-31,VRSN,35.0,82.0,57.0,35.0,127.0
2015-12-31,VRTX,59.0,88.0,45.0,54.0,221.0
2013-12-31,VTR,5.0,56.0,24.0,18.0,74.4574898785425
2014-12-31,VTR,5.0,56.0,23.0,17.0,74.4574898785425
2015-12-31,VTR,4.0,57.0,22.0,13.0,74.4574898785425
2016-12-31,VTR,6.0,58.0,27.0,19.0,74.4574898785425
2012-12-31,VZ,3.0,60.0,11.0,1.0,13.0
2013-12-31,VZ,30.0,63.0,27.0,10.0,200.0
2014-12-31,VZ,78.0,61.0,15.0,8.0,40.0
2015-12-31,VZ,109.0,60.0,25.0,14.0,14.0
2012-12-31,WAT,31.0,60.0,28.0,25.0,305.0
2013-06-28,WDC,12.0,28.0,8.0,6.0,108.0
2014-06-27,WDC,18.0,29.0,12.0,11.0,132.0
2015-07-03,WDC,16.0,29.0,11.0,10.0,163.0
2016-07-01,WDC,2.0,26.0,4.0,2.0,121.0
2012-12-31,WEC,13.0,35.0,24.0,13.0,2.0
2013-12-31,WEC,14.0,34.0,24.0,13.0,2.0
2014-12-31,WEC,13.0,33.0,22.0,12.0,4.0
2015-12-31,WEC,7.0,33.0,21.0,11.0,2.0
2012-12-31,WFC,12.0,0.0,0.0,21.0,74.4574898785425
2013-12-31,WFC,13.0,0.0,0.0,25.0,74.4574898785425
2014-12-31,WFC,13.0,0.0,0.0,26.0,74.4574898785425
2015-12-31,WFC,12.0,0.0,0.0,25.0,74.4574898785425
2013-09-29,WFM,14.0,36.0,7.0,4.0,104.0
2014-09-28,WFM,15.0,36.0,7.0,4.0,68.0
2015-09-27,WFM,14.0,35.0,6.0,3.0,41.0
2016-09-25,WFM,16.0,34.0,5.0,3.0,64.0
2013-12-31,WHR,17.0,18.0,7.0,4.0,20.0
2014-12-31,WHR,13.0,17.0,6.0,3.0,12.0
2015-12-31,WHR,17.0,18.0,6.0,4.0,10.0
2016-12-31,WHR,19.0,18.0,7.0,4.0,14.0
2012-12-31,WLTW,26.0,100.0,6.0,13.0,74.4574898785425
2013-12-31,WLTW,16.0,100.0,18.0,10.0,74.4574898785425
2014-12-31,WLTW,18.0,100.0,17.0,10.0,74.4574898785425
2015-12-31,WLTW,17.0,100.0,11.0,10.0,74.4574898785425
2013-12-31,WM,2.0,35.0,8.0,1.0,8.0
2014-12-31,WM,22.0,36.0,16.0,9.0,38.0
2015-12-31,WM,14.0,36.0,16.0,6.0,2.0
2016-12-31,WM,22.0,38.0,17.0,9.0,1.0
2012-12-31,WMB,18.0,40.0,22.0,11.0,54.0
2013-12-31,WMB,9.0,40.0,20.0,6.0,34.0
2014-12-31,WMB,24.0,41.0,21.0,28.0,9.0
2015-12-31,WMB,9.0,53.0,3.0,8.0,4.0
2013-01-31,WMT,22.0,25.0,6.0,4.0,11.0
2014-01-31,WMT,21.0,25.0,6.0,3.0,10.0
2015-01-31,WMT,20.0,25.0,6.0,3.0,14.0
2016-01-31,WMT,18.0,25.0,5.0,3.0,13.0
2014-09-30,WRK,11.0,20.0,9.0,5.0,3.0
2015-09-30,WRK,4.0,19.0,8.0,5.0,10.0
2016-09-30,WRK,4.0,19.0,3.0,3.0,17.0
2012-12-31,WU,109.0,44.0,23.0,18.0,21.0
2013-12-31,WU,72.0,42.0,20.0,14.0,24.0
2014-12-31,WU,66.0,41.0,20.0,15.0,21.0
2015-12-31,WU,60.0,42.0,20.0,15.0,16.0
2012-12-31,WY,9.0,17.0,10.0,6.0,56.0
2013-12-31,WY,8.0,21.0,9.0,8.0,74.0
2014-12-31,WY,34.0,22.0,18.0,25.0,172.0
2015-12-31,WY,10.0,20.0,13.0,7.0,116.0
2012-12-31,WYN,21.0,54.0,19.0,9.0,10.0
2013-12-31,WYN,27.0,52.0,18.0,9.0,11.0
2014-12-31,WYN,42.0,53.0,18.0,10.0,10.0
2015-12-31,WYN,64.0,51.0,18.0,11.0,9.0
2012-12-31,WYNN,194.0,37.0,20.0,10.0,165.0
2013-12-31,WYNN,395.0,38.0,23.0,13.0,179.0
2015-12-31,WYNN,174.0,38.0,16.0,5.0,198.0
2012-12-31,XEC,10.0,79.0,35.0,22.0,11.0
2013-12-31,XEC,14.0,80.0,45.0,28.0,1.0
2014-12-31,XEC,11.0,76.0,34.0,21.0,52.0
2012-12-31,XEL,10.0,34.0,18.0,9.0,3.0
2013-12-31,XEL,10.0,32.0,17.0,9.0,3.0
2014-12-31,XEL,10.0,32.0,17.0,9.0,2.0
2015-12-31,XEL,9.0,36.0,18.0,9.0,2.0
2012-12-31,XL,6.0,29.0,10.0,9.0,74.4574898785425
2013-12-31,XL,11.0,32.0,15.0,14.0,74.4574898785425
2014-12-31,XL,2.0,36.0,4.0,3.0,74.4574898785425
2015-12-31,XL,10.0,33.0,10.0,13.0,74.4574898785425
2014-03-29,XLNX,23.0,69.0,31.0,26.0,248.0
2012-12-31,XOM,27.0,33.0,11.0,10.0,15.0
2013-12-31,XOM,19.0,32.0,10.0,8.0,7.0
2014-12-31,XOM,19.0,32.0,9.0,8.0,7.0
2015-12-31,XOM,9.0,36.0,5.0,6.0,7.0
2012-12-31,XRAY,14.0,53.0,13.0,11.0,9.0
2013-12-31,XRAY,12.0,53.0,14.0,11.0,9.0
2014-12-31,XRAY,14.0,55.0,15.0,11.0,23.0
2015-12-31,XRAY,11.0,57.0,14.0,9.0,60.0
2012-12-31,XRX,10.0,33.0,6.0,6.0,21.0
2013-12-31,XRX,9.0,32.0,6.0,6.0,31.0
2014-12-31,XRX,9.0,32.0,6.0,5.0,23.0
2015-12-31,XRX,5.0,29.0,2.0,3.0,26.0
2012-12-31,XYL,14.0,40.0,12.0,8.0,65.0
2013-12-31,XYL,10.0,39.0,9.0,6.0,62.0
2014-12-31,XYL,16.0,39.0,12.0,9.0,73.0
2015-12-31,XYL,16.0,38.0,12.0,9.0,83.0
2013-12-31,YHOO,10.0,71.0,13.0,29.0,254.0
2012-12-29,YUM,74.0,28.0,17.0,12.0,40.0
2013-12-28,YUM,50.0,27.0,14.0,8.0,30.0
2014-12-27,YUM,68.0,27.0,12.0,8.0,28.0
2015-12-26,YUM,142.0,29.0,15.0,10.0,27.0
2012-12-31,ZBH,13.0,75.0,23.0,17.0,180.0
2013-12-31,ZBH,12.0,73.0,23.0,17.0,175.0
2014-12-31,ZBH,11.0,73.0,22.0,15.0,166.0
2015-12-31,ZBH,1.0,70.0,8.0,2.0,100.0
2012-12-31,ZION,6.0,0.0,0.0,14.0,74.4574898785425
2013-12-31,ZION,4.0,0.0,0.0,12.0,74.4574898785425
2014-12-31,ZION,5.0,0.0,0.0,17.0,74.4574898785425
2015-12-31,ZION,4.0,0.0,0.0,14.0,74.4574898785425
2013-12-31,ZTS,54.0,63.0,17.0,11.0,43.0
2014-12-31,ZTS,44.0,64.0,20.0,12.0,81.0
2015-12-31,ZTS,32.0,64.0,16.0,7.0,65.0
2016-12-31,ZTS,55.0,66.0,28.0,17.0,65.0
